dissimilarity,condition,rdm_index,trialno_1,trialno_2
0.10030737391611623,Concrete,0,B8,C8
0.10277592208373547,Concrete,0,B8,D8
0.08196296465729358,Concrete,0,B8,B10
0.09920419348066734,Concrete,0,B8,C10
0.09354117526117725,Concrete,0,B8,D10
0.09762316142314446,Concrete,0,B8,B18
0.09016383321680803,Concrete,0,B8,C18
0.07182401439959801,Concrete,0,B8,D18
0.08104967919049051,Concrete,0,B8,B20
0.07900150242289011,Concrete,0,B8,C20
0.07730314057240416,Concrete,0,B8,D20
0.08063901151584854,Concrete,0,B8,B21
0.07972960161679055,Concrete,0,B8,C21
0.08299421857631216,Concrete,0,B8,D21
0.07738912841426634,Concrete,0,B8,B22
0.06772052945969254,Concrete,0,B8,C22
0.07443504587996892,Concrete,0,B8,D22
0.08443075552621561,Concrete,0,B8,B23
0.07458370193227826,Concrete,0,B8,C23
0.09878990370643434,Concrete,0,B8,D23
0.10360462911424259,Concrete,0,B8,B24
0.07761812750175953,Concrete,0,B8,C24
0.09189468856588931,Concrete,0,B8,D24
0.07544921463182826,Concrete,0,B8,B26
0.07490961681804768,Concrete,0,B8,C26
0.09074283134436043,Concrete,0,B8,D26
0.09085075998330815,Concrete,0,B8,B42
0.08879820422575715,Concrete,0,B8,C42
0.08500410552893602,Concrete,0,B8,D42
0.07483609757625477,Concrete,0,B8,B43
0.08713587385921444,Concrete,0,B8,C43
0.06501143816828057,Concrete,0,B8,D43
0.09659677588996046,Concrete,0,B8,B44
0.08474982077855883,Concrete,0,B8,C44
0.07797941733900882,Concrete,0,B8,D44
0.08502172119590143,Concrete,0,B8,B63
0.07424632662637774,Concrete,0,B8,C63
0.10262808947652392,Concrete,0,B8,D63
0.07403886196411517,Concrete,0,B8,B65
0.06756460458699358,Concrete,0,B8,C65
0.09487415669735895,Concrete,0,B8,D65
0.09053221255633644,Concrete,0,B8,B67
0.07705853392837028,Concrete,0,B8,C67
0.08085762847909272,Concrete,0,B8,D67
0.09165571677931406,Concrete,0,B8,B68
0.09404520857958629,Concrete,0,B8,C68
0.0957387762461739,Concrete,0,B8,D68
0.08308865607524664,Concrete,0,B8,B73
0.09278926767766871,Concrete,0,B8,C73
0.08832426947435963,Concrete,0,B8,D73
0.10204413156111378,Concrete,0,B8,B77
0.09728838195877293,Concrete,0,B8,C77
0.07217069128077648,Concrete,0,B8,D77
0.07427559834817483,Concrete,0,B8,B78
0.08639806332558891,Concrete,0,B8,C78
0.08042828128332993,Concrete,0,B8,D78
0.08058876951634564,Concrete,0,B8,B80
0.08094689349856482,Concrete,0,B8,C80
0.07980014664799774,Concrete,0,B8,D80
0.06190316403880921,Concrete,0,B8,B88
0.08075251733719294,Concrete,0,B8,C88
0.09091152892401073,Concrete,0,B8,D88
0.0799076147803962,Concrete,0,B8,B91
0.08119361934524615,Concrete,0,B8,C91
0.07153010215309782,Concrete,0,B8,D91
0.09360662182300804,Concrete,0,B8,B92
0.07404029437660445,Concrete,0,B8,C92
0.06601132656070248,Concrete,0,B8,D92
0.08766967744942399,Concrete,0,B8,B94
0.08578267804704089,Concrete,0,B8,C94
0.08046789361720516,Concrete,0,B8,D94
0.13793450120051817,Concrete,0,C8,D8
0.109095369356812,Concrete,0,C8,B10
0.12189472629852133,Concrete,0,C8,C10
0.10735152585023058,Concrete,0,C8,D10
0.12369970061170059,Concrete,0,C8,B18
0.12189569099807482,Concrete,0,C8,C18
0.10343526793576993,Concrete,0,C8,D18
0.10364558659522441,Concrete,0,C8,B20
0.12046030085990277,Concrete,0,C8,C20
0.10724122173600552,Concrete,0,C8,D20
0.11710256464869727,Concrete,0,C8,B21
0.1028450417604315,Concrete,0,C8,C21
0.1090372775748123,Concrete,0,C8,D21
0.10979038918071812,Concrete,0,C8,B22
0.09487455202590446,Concrete,0,C8,C22
0.08521757407088774,Concrete,0,C8,D22
0.1130212749668749,Concrete,0,C8,B23
0.09787222153068029,Concrete,0,C8,C23
0.12789599992700731,Concrete,0,C8,D23
0.12639116469728115,Concrete,0,C8,B24
0.10913634187112399,Concrete,0,C8,C24
0.11628969607706446,Concrete,0,C8,D24
0.0955644617656859,Concrete,0,C8,B26
0.09205777540723081,Concrete,0,C8,C26
0.12293534821193264,Concrete,0,C8,D26
0.11918445919826673,Concrete,0,C8,B42
0.1016314075467498,Concrete,0,C8,C42
0.12987549188301928,Concrete,0,C8,D42
0.09426633044991538,Concrete,0,C8,B43
0.1101020606497322,Concrete,0,C8,C43
0.09787197521506984,Concrete,0,C8,D43
0.1255714611480146,Concrete,0,C8,B44
0.11913872910943099,Concrete,0,C8,C44
0.09736770098332563,Concrete,0,C8,D44
0.09127658745844558,Concrete,0,C8,B63
0.11021006167489161,Concrete,0,C8,C63
0.13484012161675132,Concrete,0,C8,D63
0.10738063475952486,Concrete,0,C8,B65
0.09557470663804012,Concrete,0,C8,C65
0.12171884737489805,Concrete,0,C8,D65
0.12262469898912588,Concrete,0,C8,B67
0.09618705335561777,Concrete,0,C8,C67
0.1054659522302573,Concrete,0,C8,D67
0.11628839856104077,Concrete,0,C8,B68
0.11032255218323261,Concrete,0,C8,C68
0.12367266305033223,Concrete,0,C8,D68
0.1189728147843924,Concrete,0,C8,B73
0.11430517200703116,Concrete,0,C8,C73
0.12505734748353875,Concrete,0,C8,D73
0.11754206075004207,Concrete,0,C8,B77
0.11534808485019941,Concrete,0,C8,C77
0.09942383013267014,Concrete,0,C8,D77
0.10142480804749374,Concrete,0,C8,B78
0.11873339745258944,Concrete,0,C8,C78
0.10283359050973463,Concrete,0,C8,D78
0.10702918028466063,Concrete,0,C8,B80
0.1224731608281523,Concrete,0,C8,C80
0.1062799559333589,Concrete,0,C8,D80
0.09449987482939143,Concrete,0,C8,B88
0.1083287164253536,Concrete,0,C8,C88
0.10767123757661566,Concrete,0,C8,D88
0.11528249487654883,Concrete,0,C8,B91
0.09654225757743888,Concrete,0,C8,C91
0.10373447936177603,Concrete,0,C8,D91
0.1521881684265894,Concrete,0,C8,B92
0.09888335348431632,Concrete,0,C8,C92
0.09177346303173861,Concrete,0,C8,D92
0.1118451262528663,Concrete,0,C8,B94
0.10389331669648402,Concrete,0,C8,C94
0.09924974375304586,Concrete,0,C8,D94
0.10720991353916264,Concrete,0,D8,B10
0.12364505729851062,Concrete,0,D8,C10
0.12858508462876694,Concrete,0,D8,D10
0.13465795572040457,Concrete,0,D8,B18
0.13097189379037089,Concrete,0,D8,C18
0.1051408070422043,Concrete,0,D8,D18
0.12140631673842042,Concrete,0,D8,B20
0.11846526148813769,Concrete,0,D8,C20
0.10633924983699726,Concrete,0,D8,D20
0.12080279397300381,Concrete,0,D8,B21
0.11211414610157022,Concrete,0,D8,C21
0.11013087241268119,Concrete,0,D8,D21
0.11919772514137748,Concrete,0,D8,B22
0.10939640028052196,Concrete,0,D8,C22
0.10743198274572943,Concrete,0,D8,D22
0.10717122012340392,Concrete,0,D8,B23
0.10664097858431658,Concrete,0,D8,C23
0.13471447989627644,Concrete,0,D8,D23
0.15823687954348312,Concrete,0,D8,B24
0.10583237443418513,Concrete,0,D8,C24
0.11396549801390946,Concrete,0,D8,D24
0.11077044190384144,Concrete,0,D8,B26
0.11184538908236794,Concrete,0,D8,C26
0.13097984751148026,Concrete,0,D8,D26
0.11818953807361006,Concrete,0,D8,B42
0.11595261024783694,Concrete,0,D8,C42
0.1318862551167396,Concrete,0,D8,D42
0.10324348838267282,Concrete,0,D8,B43
0.10269955800856187,Concrete,0,D8,C43
0.0976980702062687,Concrete,0,D8,D43
0.12426972478086443,Concrete,0,D8,B44
0.11912099424571639,Concrete,0,D8,C44
0.1084020360249915,Concrete,0,D8,D44
0.11933620623653107,Concrete,0,D8,B63
0.11689263343108011,Concrete,0,D8,C63
0.15999526265984565,Concrete,0,D8,D63
0.11938147735236605,Concrete,0,D8,B65
0.0967245155630969,Concrete,0,D8,C65
0.12001324179980129,Concrete,0,D8,D65
0.11834574027145348,Concrete,0,D8,B67
0.1207970158357801,Concrete,0,D8,C67
0.10323383761213058,Concrete,0,D8,D67
0.13034727184829975,Concrete,0,D8,B68
0.10874526374590679,Concrete,0,D8,C68
0.12504519007032744,Concrete,0,D8,D68
0.14977572908883185,Concrete,0,D8,B73
0.12347346833979006,Concrete,0,D8,C73
0.12482575025676028,Concrete,0,D8,D73
0.1374132505798187,Concrete,0,D8,B77
0.12228400284869183,Concrete,0,D8,C77
0.11957871300817825,Concrete,0,D8,D77
0.11150821871573695,Concrete,0,D8,B78
0.14768932804232981,Concrete,0,D8,C78
0.12423218573776046,Concrete,0,D8,D78
0.09033243055238226,Concrete,0,D8,B80
0.10982818809006414,Concrete,0,D8,C80
0.1274491482154895,Concrete,0,D8,D80
0.10959014897331641,Concrete,0,D8,B88
0.12037924886311242,Concrete,0,D8,C88
0.12593732549732195,Concrete,0,D8,D88
0.11696323810187886,Concrete,0,D8,B91
0.11112967566757252,Concrete,0,D8,C91
0.11651969052410441,Concrete,0,D8,D91
0.12394136381162263,Concrete,0,D8,B92
0.10700204880481397,Concrete,0,D8,C92
0.10450400359955482,Concrete,0,D8,D92
0.14009210850877882,Concrete,0,D8,B94
0.1116808819640257,Concrete,0,D8,C94
0.10687749923548423,Concrete,0,D8,D94
0.11702928464021409,Concrete,0,B10,C10
0.0922934731224669,Concrete,0,B10,D10
0.104317067066909,Concrete,0,B10,B18
0.10820164768816977,Concrete,0,B10,C18
0.08383855785192157,Concrete,0,B10,D18
0.09033886592017909,Concrete,0,B10,B20
0.09028067483544892,Concrete,0,B10,C20
0.08791793834717054,Concrete,0,B10,D20
0.1121504927172647,Concrete,0,B10,B21
0.0862857134337564,Concrete,0,B10,C21
0.096960034684437,Concrete,0,B10,D21
0.10764678454012068,Concrete,0,B10,B22
0.07727796028144203,Concrete,0,B10,C22
0.08632002706624213,Concrete,0,B10,D22
0.09055691503480769,Concrete,0,B10,B23
0.08660235425798274,Concrete,0,B10,C23
0.10749719227488434,Concrete,0,B10,D23
0.09706672704305475,Concrete,0,B10,B24
0.0976224372138873,Concrete,0,B10,C24
0.09811795481216422,Concrete,0,B10,D24
0.08015582194361735,Concrete,0,B10,B26
0.09816538359891465,Concrete,0,B10,C26
0.1033579447497891,Concrete,0,B10,D26
0.08487678890335842,Concrete,0,B10,B42
0.09328603328545453,Concrete,0,B10,C42
0.10622476438426609,Concrete,0,B10,D42
0.08912042742371584,Concrete,0,B10,B43
0.08295975919168766,Concrete,0,B10,C43
0.08042538860567101,Concrete,0,B10,D43
0.12319375345279769,Concrete,0,B10,B44
0.09095378138725442,Concrete,0,B10,C44
0.09083926237912268,Concrete,0,B10,D44
0.10150191876034009,Concrete,0,B10,B63
0.10108522090026877,Concrete,0,B10,C63
0.14038587513390405,Concrete,0,B10,D63
0.10052245051864674,Concrete,0,B10,B65
0.08398651361543265,Concrete,0,B10,C65
0.09184499727612827,Concrete,0,B10,D65
0.0974787613355526,Concrete,0,B10,B67
0.08302373690473698,Concrete,0,B10,C67
0.09716799448411434,Concrete,0,B10,D67
0.11155669394195902,Concrete,0,B10,B68
0.09587645828347584,Concrete,0,B10,C68
0.11747885859697034,Concrete,0,B10,D68
0.10168374719275776,Concrete,0,B10,B73
0.10274335480484349,Concrete,0,B10,C73
0.1054761273989519,Concrete,0,B10,D73
0.11578183728278145,Concrete,0,B10,B77
0.09679125559600572,Concrete,0,B10,C77
0.08804035523270962,Concrete,0,B10,D77
0.08428835033724132,Concrete,0,B10,B78
0.11275882846359027,Concrete,0,B10,C78
0.08702522506785425,Concrete,0,B10,D78
0.07463687591654385,Concrete,0,B10,B80
0.09372182384336386,Concrete,0,B10,C80
0.10084912761715951,Concrete,0,B10,D80
0.08506389338804458,Concrete,0,B10,B88
0.0952155506652624,Concrete,0,B10,C88
0.09278605266727218,Concrete,0,B10,D88
0.09575355687616192,Concrete,0,B10,B91
0.09938115904177751,Concrete,0,B10,C91
0.10325116177617487,Concrete,0,B10,D91
0.1100475243692227,Concrete,0,B10,B92
0.07972948244774292,Concrete,0,B10,C92
0.08795136288963086,Concrete,0,B10,D92
0.0979637361866069,Concrete,0,B10,B94
0.091341926653003,Concrete,0,B10,C94
0.09102476769131354,Concrete,0,B10,D94
0.11577181575394302,Concrete,0,C10,D10
0.1209665230911726,Concrete,0,C10,B18
0.11358109163641879,Concrete,0,C10,C18
0.1033762061415323,Concrete,0,C10,D18
0.10011363228635661,Concrete,0,C10,B20
0.10636552843856438,Concrete,0,C10,C20
0.1020169961033387,Concrete,0,C10,D20
0.08815075096846105,Concrete,0,C10,B21
0.09970276130375796,Concrete,0,C10,C21
0.10300395827741106,Concrete,0,C10,D21
0.09646467873766712,Concrete,0,C10,B22
0.08321539016599197,Concrete,0,C10,C22
0.09819239587967576,Concrete,0,C10,D22
0.10067046741754011,Concrete,0,C10,B23
0.08845700318234367,Concrete,0,C10,C23
0.11078957267713795,Concrete,0,C10,D23
0.14255979012728584,Concrete,0,C10,B24
0.0850846190530854,Concrete,0,C10,C24
0.10572961996737838,Concrete,0,C10,D24
0.09036430511280742,Concrete,0,C10,B26
0.10016678506292138,Concrete,0,C10,C26
0.11306729494612673,Concrete,0,C10,D26
0.1202961330078324,Concrete,0,C10,B42
0.096463161477887,Concrete,0,C10,C42
0.13909342799976163,Concrete,0,C10,D42
0.09482656970797716,Concrete,0,C10,B43
0.11024475407862411,Concrete,0,C10,C43
0.08574971537974037,Concrete,0,C10,D43
0.11278919417869623,Concrete,0,C10,B44
0.09656981921223101,Concrete,0,C10,C44
0.08680405912558582,Concrete,0,C10,D44
0.1026138359249661,Concrete,0,C10,B63
0.0889510023023911,Concrete,0,C10,C63
0.1256126818575175,Concrete,0,C10,D63
0.098489605788724,Concrete,0,C10,B65
0.08591163326925823,Concrete,0,C10,C65
0.1076104303160282,Concrete,0,C10,D65
0.12469261644830623,Concrete,0,C10,B67
0.10360178119773744,Concrete,0,C10,C67
0.09477656950181657,Concrete,0,C10,D67
0.11756117358888912,Concrete,0,C10,B68
0.11482807903618239,Concrete,0,C10,C68
0.09795279366949144,Concrete,0,C10,D68
0.1355917443293781,Concrete,0,C10,B73
0.11060960994824345,Concrete,0,C10,C73
0.11461218377492109,Concrete,0,C10,D73
0.12659617913668894,Concrete,0,C10,B77
0.10618532451030763,Concrete,0,C10,C77
0.10039483160767951,Concrete,0,C10,D77
0.0929977886263222,Concrete,0,C10,B78
0.11163215977722564,Concrete,0,C10,C78
0.12889812731766648,Concrete,0,C10,D78
0.09811263782290552,Concrete,0,C10,B80
0.0922916121693467,Concrete,0,C10,C80
0.09439803959846081,Concrete,0,C10,D80
0.08344712850045527,Concrete,0,C10,B88
0.09777665080278154,Concrete,0,C10,C88
0.12196490797202246,Concrete,0,C10,D88
0.11071282703497608,Concrete,0,C10,B91
0.09234460298917575,Concrete,0,C10,C91
0.1122858682067585,Concrete,0,C10,D91
0.09970207364876951,Concrete,0,C10,B92
0.09539176308320413,Concrete,0,C10,C92
0.0927094608804281,Concrete,0,C10,D92
0.11130434824889003,Concrete,0,C10,B94
0.10663177299520504,Concrete,0,C10,C94
0.09992338229633317,Concrete,0,C10,D94
0.10853318002178652,Concrete,0,D10,B18
0.10350778693598088,Concrete,0,D10,C18
0.09227761835467226,Concrete,0,D10,D18
0.08763386724581962,Concrete,0,D10,B20
0.10330926500591658,Concrete,0,D10,C20
0.08113299307406012,Concrete,0,D10,D20
0.09942855227217919,Concrete,0,D10,B21
0.0930993060983859,Concrete,0,D10,C21
0.09647675350454438,Concrete,0,D10,D21
0.08843519166656008,Concrete,0,D10,B22
0.08160839178769157,Concrete,0,D10,C22
0.0835393906427424,Concrete,0,D10,D22
0.08769599400174943,Concrete,0,D10,B23
0.09180943613993144,Concrete,0,D10,C23
0.11495742901777505,Concrete,0,D10,D23
0.1195567641494525,Concrete,0,D10,B24
0.09445580634144177,Concrete,0,D10,C24
0.11837792257889027,Concrete,0,D10,D24
0.08681682689747484,Concrete,0,D10,B26
0.09561280883774478,Concrete,0,D10,C26
0.11764037499600068,Concrete,0,D10,D26
0.10967353652988691,Concrete,0,D10,B42
0.08323789374130067,Concrete,0,D10,C42
0.12204148993380688,Concrete,0,D10,D42
0.10304088955392962,Concrete,0,D10,B43
0.09055092426828835,Concrete,0,D10,C43
0.07655532476388723,Concrete,0,D10,D43
0.11746570737898573,Concrete,0,D10,B44
0.10646001150284956,Concrete,0,D10,C44
0.098420464193039,Concrete,0,D10,D44
0.10839760649381783,Concrete,0,D10,B63
0.11040335410441414,Concrete,0,D10,C63
0.12838537470588082,Concrete,0,D10,D63
0.11100970264501375,Concrete,0,D10,B65
0.0966324281673539,Concrete,0,D10,C65
0.10324272615446624,Concrete,0,D10,D65
0.10453135047502554,Concrete,0,D10,B67
0.09101837736508105,Concrete,0,D10,C67
0.09496855506705786,Concrete,0,D10,D67
0.1254899124623023,Concrete,0,D10,B68
0.09896339189464683,Concrete,0,D10,C68
0.1256696382959633,Concrete,0,D10,D68
0.11544772718856341,Concrete,0,D10,B73
0.10477479164832951,Concrete,0,D10,C73
0.10167427571990063,Concrete,0,D10,D73
0.09871189633537403,Concrete,0,D10,B77
0.10287241155936272,Concrete,0,D10,C77
0.09064177171507953,Concrete,0,D10,D77
0.0909811902060896,Concrete,0,D10,B78
0.09995296636324827,Concrete,0,D10,C78
0.0938303367081897,Concrete,0,D10,D78
0.10723131697651483,Concrete,0,D10,B80
0.10646149872320686,Concrete,0,D10,C80
0.10186442975146148,Concrete,0,D10,D80
0.08702264576848917,Concrete,0,D10,B88
0.10174259783256809,Concrete,0,D10,C88
0.10603145926257708,Concrete,0,D10,D88
0.09892237408086756,Concrete,0,D10,B91
0.10132980875569406,Concrete,0,D10,C91
0.10216199553329819,Concrete,0,D10,D91
0.10152108391754666,Concrete,0,D10,B92
0.07573561559527964,Concrete,0,D10,C92
0.08964913561546943,Concrete,0,D10,D92
0.09834795273310921,Concrete,0,D10,B94
0.09397092933038263,Concrete,0,D10,C94
0.08907871421763526,Concrete,0,D10,D94
0.1272848406222871,Concrete,0,B18,C18
0.09609932199633174,Concrete,0,B18,D18
0.10719300209530079,Concrete,0,B18,B20
0.11099719852042665,Concrete,0,B18,C20
0.09621870806923125,Concrete,0,B18,D20
0.10823822268121279,Concrete,0,B18,B21
0.09670964246281988,Concrete,0,B18,C21
0.10929327341068966,Concrete,0,B18,D21
0.1107107176606,Concrete,0,B18,B22
0.09856747780047558,Concrete,0,B18,C22
0.10355579494025949,Concrete,0,B18,D22
0.0941592845894729,Concrete,0,B18,B23
0.0944489083620349,Concrete,0,B18,C23
0.1365050120914049,Concrete,0,B18,D23
0.11386761542864003,Concrete,0,B18,B24
0.12040829131167974,Concrete,0,B18,C24
0.10965756981145339,Concrete,0,B18,D24
0.09419087125297762,Concrete,0,B18,B26
0.09985296166487485,Concrete,0,B18,C26
0.10938154711419992,Concrete,0,B18,D26
0.09754136697080744,Concrete,0,B18,B42
0.08947485629648821,Concrete,0,B18,C42
0.1347637258209973,Concrete,0,B18,D42
0.10096173367234337,Concrete,0,B18,B43
0.11284468510957936,Concrete,0,B18,C43
0.08308270858730346,Concrete,0,B18,D43
0.11242343639357576,Concrete,0,B18,B44
0.1170847424115682,Concrete,0,B18,C44
0.09775592249904684,Concrete,0,B18,D44
0.11054544346216706,Concrete,0,B18,B63
0.11593504373318803,Concrete,0,B18,C63
0.15139378252133504,Concrete,0,B18,D63
0.1230246588279263,Concrete,0,B18,B65
0.097369569691927,Concrete,0,B18,C65
0.1157514604247773,Concrete,0,B18,D65
0.10393283807961759,Concrete,0,B18,B67
0.1058854343646652,Concrete,0,B18,C67
0.10060301650644222,Concrete,0,B18,D67
0.11878484252658172,Concrete,0,B18,B68
0.11506708228737862,Concrete,0,B18,C68
0.12184750622030661,Concrete,0,B18,D68
0.11294953342916023,Concrete,0,B18,B73
0.10634600941459045,Concrete,0,B18,C73
0.11348974840941901,Concrete,0,B18,D73
0.10846857477328574,Concrete,0,B18,B77
0.12558231061372443,Concrete,0,B18,C77
0.09821840784980314,Concrete,0,B18,D77
0.08986837175490234,Concrete,0,B18,B78
0.10730950664721131,Concrete,0,B18,C78
0.10872754220263399,Concrete,0,B18,D78
0.10387434416565398,Concrete,0,B18,B80
0.1164400793137457,Concrete,0,B18,C80
0.09703220735820729,Concrete,0,B18,D80
0.0950187042280039,Concrete,0,B18,B88
0.1061071079384769,Concrete,0,B18,C88
0.09815158972324745,Concrete,0,B18,D88
0.12141196252357542,Concrete,0,B18,B91
0.10557781880269927,Concrete,0,B18,C91
0.08806718651298549,Concrete,0,B18,D91
0.12647280383322101,Concrete,0,B18,B92
0.10094986620830386,Concrete,0,B18,C92
0.09198861804377409,Concrete,0,B18,D92
0.10172571759226022,Concrete,0,B18,B94
0.10278713523022723,Concrete,0,B18,C94
0.09569875209617335,Concrete,0,B18,D94
0.09238340793410948,Concrete,0,C18,D18
0.0933902208918613,Concrete,0,C18,B20
0.1027166009478109,Concrete,0,C18,C20
0.09489336063355011,Concrete,0,C18,D20
0.10322026233488776,Concrete,0,C18,B21
0.10016823099852346,Concrete,0,C18,C21
0.09727694404205542,Concrete,0,C18,D21
0.09617367571586491,Concrete,0,C18,B22
0.08488807738479325,Concrete,0,C18,C22
0.1138348541556685,Concrete,0,C18,D22
0.09713272522655456,Concrete,0,C18,B23
0.09258838666247364,Concrete,0,C18,C23
0.12173828717251857,Concrete,0,C18,D23
0.12944244949917919,Concrete,0,C18,B24
0.09446794678645708,Concrete,0,C18,C24
0.09434359657380414,Concrete,0,C18,D24
0.0860645123208865,Concrete,0,C18,B26
0.0999083096476042,Concrete,0,C18,C26
0.10425115102844605,Concrete,0,C18,D26
0.11556730058795782,Concrete,0,C18,B42
0.0983292212719895,Concrete,0,C18,C42
0.11306805928926764,Concrete,0,C18,D42
0.10563301339943156,Concrete,0,C18,B43
0.1164859394129132,Concrete,0,C18,C43
0.09231805104347098,Concrete,0,C18,D43
0.12263651622677842,Concrete,0,C18,B44
0.1036671711226813,Concrete,0,C18,C44
0.09721341918392715,Concrete,0,C18,D44
0.10186300978862117,Concrete,0,C18,B63
0.09939484019579677,Concrete,0,C18,C63
0.13250562134502875,Concrete,0,C18,D63
0.09237464338125737,Concrete,0,C18,B65
0.09737457331508595,Concrete,0,C18,C65
0.11230496544587948,Concrete,0,C18,D65
0.10779954490956119,Concrete,0,C18,B67
0.09844842634338122,Concrete,0,C18,C67
0.09925341464521636,Concrete,0,C18,D67
0.09949779532975987,Concrete,0,C18,B68
0.10826417173210878,Concrete,0,C18,C68
0.11122731996587008,Concrete,0,C18,D68
0.110885748698769,Concrete,0,C18,B73
0.10157796460201082,Concrete,0,C18,C73
0.11243810363203015,Concrete,0,C18,D73
0.1223279010614907,Concrete,0,C18,B77
0.1043070220343792,Concrete,0,C18,C77
0.10381734326757706,Concrete,0,C18,D77
0.09890649233236146,Concrete,0,C18,B78
0.10609655287907017,Concrete,0,C18,C78
0.10702561671154906,Concrete,0,C18,D78
0.09582611982944486,Concrete,0,C18,B80
0.10555305739907553,Concrete,0,C18,C80
0.09543218569559452,Concrete,0,C18,D80
0.07531061659771227,Concrete,0,C18,B88
0.09262172095214843,Concrete,0,C18,C88
0.1092010745572029,Concrete,0,C18,D88
0.10582012557994706,Concrete,0,C18,B91
0.09893959712863042,Concrete,0,C18,C91
0.1035927571455401,Concrete,0,C18,D91
0.09569938712181059,Concrete,0,C18,B92
0.09267207532748943,Concrete,0,C18,C92
0.09093686345382962,Concrete,0,C18,D92
0.12212746098950215,Concrete,0,C18,B94
0.09311990557426819,Concrete,0,C18,C94
0.11041234126008512,Concrete,0,C18,D94
0.07488812806473309,Concrete,0,D18,B20
0.0900135003104544,Concrete,0,D18,C20
0.07830440747257508,Concrete,0,D18,D20
0.07614815246664142,Concrete,0,D18,B21
0.08214694830397744,Concrete,0,D18,C21
0.07927317347352496,Concrete,0,D18,D21
0.08951818530248168,Concrete,0,D18,B22
0.06763755887442004,Concrete,0,D18,C22
0.07792920214019287,Concrete,0,D18,D22
0.08222241935252951,Concrete,0,D18,B23
0.08057428069761349,Concrete,0,D18,C23
0.10356496549566568,Concrete,0,D18,D23
0.10942101986401777,Concrete,0,D18,B24
0.08149893777284317,Concrete,0,D18,C24
0.07771542728577518,Concrete,0,D18,D24
0.06769708303272011,Concrete,0,D18,B26
0.08741948681763423,Concrete,0,D18,C26
0.08231235270576384,Concrete,0,D18,D26
0.08612547553716177,Concrete,0,D18,B42
0.08524474823220202,Concrete,0,D18,C42
0.09515920405167666,Concrete,0,D18,D42
0.08771888200372122,Concrete,0,D18,B43
0.09321947494951281,Concrete,0,D18,C43
0.0728374783524764,Concrete,0,D18,D43
0.10319204511264077,Concrete,0,D18,B44
0.08583100193903985,Concrete,0,D18,C44
0.07333297747663145,Concrete,0,D18,D44
0.07264040540245861,Concrete,0,D18,B63
0.08932663446746854,Concrete,0,D18,C63
0.11973969117384352,Concrete,0,D18,D63
0.089407620333627,Concrete,0,D18,B65
0.07534246300051517,Concrete,0,D18,C65
0.07898236535176745,Concrete,0,D18,D65
0.0942364324962035,Concrete,0,D18,B67
0.081458838865771,Concrete,0,D18,C67
0.07750502003482633,Concrete,0,D18,D67
0.08792314091010828,Concrete,0,D18,B68
0.07348997709237656,Concrete,0,D18,C68
0.09356814609952083,Concrete,0,D18,D68
0.08832696409527804,Concrete,0,D18,B73
0.10011815424741506,Concrete,0,D18,C73
0.09195731090209372,Concrete,0,D18,D73
0.10462568133476059,Concrete,0,D18,B77
0.08749040003222368,Concrete,0,D18,C77
0.07791299801295,Concrete,0,D18,D77
0.07168317887192481,Concrete,0,D18,B78
0.1035440190873428,Concrete,0,D18,C78
0.08350470323896834,Concrete,0,D18,D78
0.08569057186678179,Concrete,0,D18,B80
0.08095824427529229,Concrete,0,D18,C80
0.08189717495604736,Concrete,0,D18,D80
0.07257860577995728,Concrete,0,D18,B88
0.08039889175423745,Concrete,0,D18,C88
0.08575762089529836,Concrete,0,D18,D88
0.09081101697162229,Concrete,0,D18,B91
0.08207835676571931,Concrete,0,D18,C91
0.07976412393623954,Concrete,0,D18,D91
0.10110498547106418,Concrete,0,D18,B92
0.08079029880695561,Concrete,0,D18,C92
0.07526820089642905,Concrete,0,D18,D92
0.08917475707153893,Concrete,0,D18,B94
0.07364360659169632,Concrete,0,D18,C94
0.08424713420288259,Concrete,0,D18,D94
0.10636774462249209,Concrete,0,B20,C20
0.07865156900687545,Concrete,0,B20,D20
0.08387267790975736,Concrete,0,B20,B21
0.08275277033512908,Concrete,0,B20,C21
0.09938848804167397,Concrete,0,B20,D21
0.0896166038155187,Concrete,0,B20,B22
0.0706424312020723,Concrete,0,B20,C22
0.0847699605574472,Concrete,0,B20,D22
0.0835522671504322,Concrete,0,B20,B23
0.08160893033279698,Concrete,0,B20,C23
0.1045270876214735,Concrete,0,B20,D23
0.11182775246536973,Concrete,0,B20,B24
0.08629857354700102,Concrete,0,B20,C24
0.09419214358995635,Concrete,0,B20,D24
0.07609249021852899,Concrete,0,B20,B26
0.08377095086930361,Concrete,0,B20,C26
0.0943614703176585,Concrete,0,B20,D26
0.09813688464704028,Concrete,0,B20,B42
0.08350379988297998,Concrete,0,B20,C42
0.10520197442982215,Concrete,0,B20,D42
0.08857167568707168,Concrete,0,B20,B43
0.10037297590094,Concrete,0,B20,C43
0.0742840704866587,Concrete,0,B20,D43
0.09554637663758314,Concrete,0,B20,B44
0.08714217915666161,Concrete,0,B20,C44
0.08488656821085301,Concrete,0,B20,D44
0.08819071826660344,Concrete,0,B20,B63
0.08191561306348817,Concrete,0,B20,C63
0.10607555862128702,Concrete,0,B20,D63
0.08721191563509842,Concrete,0,B20,B65
0.07894423460154246,Concrete,0,B20,C65
0.09438550165031175,Concrete,0,B20,D65
0.10211414758655737,Concrete,0,B20,B67
0.09323630916696588,Concrete,0,B20,C67
0.10141098833994257,Concrete,0,B20,D67
0.11183378946527107,Concrete,0,B20,B68
0.09261826690320377,Concrete,0,B20,C68
0.10105101500418466,Concrete,0,B20,D68
0.09385707786034954,Concrete,0,B20,B73
0.095958837625204,Concrete,0,B20,C73
0.09767142563805153,Concrete,0,B20,D73
0.1189056371205115,Concrete,0,B20,B77
0.09611347301297672,Concrete,0,B20,C77
0.08672851453664883,Concrete,0,B20,D77
0.0811540827653175,Concrete,0,B20,B78
0.08291377039439014,Concrete,0,B20,C78
0.09625305616390124,Concrete,0,B20,D78
0.08563999989992842,Concrete,0,B20,B80
0.0846367663262481,Concrete,0,B20,C80
0.0852141382894273,Concrete,0,B20,D80
0.0762428656231618,Concrete,0,B20,B88
0.0928920924187568,Concrete,0,B20,C88
0.11213569893271096,Concrete,0,B20,D88
0.08901343734070692,Concrete,0,B20,B91
0.08008074650812334,Concrete,0,B20,C91
0.09246970289609185,Concrete,0,B20,D91
0.09734371753498236,Concrete,0,B20,B92
0.08373137353548259,Concrete,0,B20,C92
0.07669538710510371,Concrete,0,B20,D92
0.09667259481506031,Concrete,0,B20,B94
0.08646897369253777,Concrete,0,B20,C94
0.08416852376337274,Concrete,0,B20,D94
0.08127564368299488,Concrete,0,C20,D20
0.0941746238036172,Concrete,0,C20,B21
0.09183740600982564,Concrete,0,C20,C21
0.10079751859275636,Concrete,0,C20,D21
0.08982971523357706,Concrete,0,C20,B22
0.08807026393480247,Concrete,0,C20,C22
0.10682216763264489,Concrete,0,C20,D22
0.10316399143167253,Concrete,0,C20,B23
0.08997894149608092,Concrete,0,C20,C23
0.10843048777124925,Concrete,0,C20,D23
0.11202465065999877,Concrete,0,C20,B24
0.09242377082904575,Concrete,0,C20,C24
0.10545196144568685,Concrete,0,C20,D24
0.07845194860931506,Concrete,0,C20,B26
0.09400577329460393,Concrete,0,C20,C26
0.08942803703823034,Concrete,0,C20,D26
0.09794791524077251,Concrete,0,C20,B42
0.08127321684895868,Concrete,0,C20,C42
0.11785540049023929,Concrete,0,C20,D42
0.0852691926725672,Concrete,0,C20,B43
0.09987532276517297,Concrete,0,C20,C43
0.0814687543201199,Concrete,0,C20,D43
0.1140079815942437,Concrete,0,C20,B44
0.11170476135047103,Concrete,0,C20,C44
0.07796980395303674,Concrete,0,C20,D44
0.09362273977039878,Concrete,0,C20,B63
0.09622625397403019,Concrete,0,C20,C63
0.13314138246580107,Concrete,0,C20,D63
0.08731728690290907,Concrete,0,C20,B65
0.0853543375557812,Concrete,0,C20,C65
0.1071467948224526,Concrete,0,C20,D65
0.10277805568786824,Concrete,0,C20,B67
0.09313968318149879,Concrete,0,C20,C67
0.09239951659248788,Concrete,0,C20,D67
0.10180822631297017,Concrete,0,C20,B68
0.10217941060436167,Concrete,0,C20,C68
0.10462284241462469,Concrete,0,C20,D68
0.10452747552289436,Concrete,0,C20,B73
0.10155147726023829,Concrete,0,C20,C73
0.11469153288766944,Concrete,0,C20,D73
0.1235460604730951,Concrete,0,C20,B77
0.0977948279280263,Concrete,0,C20,C77
0.08461896394250994,Concrete,0,C20,D77
0.08103767651735863,Concrete,0,C20,B78
0.10342850851001852,Concrete,0,C20,C78
0.09691913303400762,Concrete,0,C20,D78
0.09114929368188521,Concrete,0,C20,B80
0.09717889219757761,Concrete,0,C20,C80
0.09317893288314513,Concrete,0,C20,D80
0.07381954527630134,Concrete,0,C20,B88
0.09334612582895101,Concrete,0,C20,C88
0.09227952493911908,Concrete,0,C20,D88
0.099170384299513,Concrete,0,C20,B91
0.09722245060699955,Concrete,0,C20,C91
0.0979622065473154,Concrete,0,C20,D91
0.09807010955672663,Concrete,0,C20,B92
0.09146283001125392,Concrete,0,C20,C92
0.08088078942064365,Concrete,0,C20,D92
0.0916378387892555,Concrete,0,C20,B94
0.10153598127934306,Concrete,0,C20,C94
0.10070871587891982,Concrete,0,C20,D94
0.07887075636052761,Concrete,0,D20,B21
0.08233549876055953,Concrete,0,D20,C21
0.08292635933181017,Concrete,0,D20,D21
0.07433726097881647,Concrete,0,D20,B22
0.07455843559282692,Concrete,0,D20,C22
0.08494827953327545,Concrete,0,D20,D22
0.08277901482615341,Concrete,0,D20,B23
0.06825378525006265,Concrete,0,D20,C23
0.10045367985202712,Concrete,0,D20,D23
0.10502678777946589,Concrete,0,D20,B24
0.08291136852023671,Concrete,0,D20,C24
0.09387619760931946,Concrete,0,D20,D24
0.06513905897731831,Concrete,0,D20,B26
0.08423228538947214,Concrete,0,D20,C26
0.09836848001596511,Concrete,0,D20,D26
0.09058123947211014,Concrete,0,D20,B42
0.07029791231860792,Concrete,0,D20,C42
0.09576049244433446,Concrete,0,D20,D42
0.08335313865566644,Concrete,0,D20,B43
0.08359765694033834,Concrete,0,D20,C43
0.07021233739558912,Concrete,0,D20,D43
0.08817605001604181,Concrete,0,D20,B44
0.09645385390198313,Concrete,0,D20,C44
0.07851015577368368,Concrete,0,D20,D44
0.08919201923698346,Concrete,0,D20,B63
0.08595469502171973,Concrete,0,D20,C63
0.11130530198026596,Concrete,0,D20,D63
0.07881477390364042,Concrete,0,D20,B65
0.07020832491777436,Concrete,0,D20,C65
0.08798534901512152,Concrete,0,D20,D65
0.08848180682035314,Concrete,0,D20,B67
0.09413965962458118,Concrete,0,D20,C67
0.07788718659303442,Concrete,0,D20,D67
0.09854777804568769,Concrete,0,D20,B68
0.08789441106725711,Concrete,0,D20,C68
0.11330583857584035,Concrete,0,D20,D68
0.09629787717910653,Concrete,0,D20,B73
0.09388570435283446,Concrete,0,D20,C73
0.09245598374651778,Concrete,0,D20,D73
0.0992107212007545,Concrete,0,D20,B77
0.09609103847135406,Concrete,0,D20,C77
0.08389991408994657,Concrete,0,D20,D77
0.0733706593463058,Concrete,0,D20,B78
0.08473232241428624,Concrete,0,D20,C78
0.07989535349230946,Concrete,0,D20,D78
0.07733475144132043,Concrete,0,D20,B80
0.08633331618916862,Concrete,0,D20,C80
0.08264533031774363,Concrete,0,D20,D80
0.07267124826060171,Concrete,0,D20,B88
0.0779426901366106,Concrete,0,D20,C88
0.09140841109371262,Concrete,0,D20,D88
0.09236205455558961,Concrete,0,D20,B91
0.08191239933455784,Concrete,0,D20,C91
0.08429214883454482,Concrete,0,D20,D91
0.08786679736403215,Concrete,0,D20,B92
0.07086430056606793,Concrete,0,D20,C92
0.07084096523621682,Concrete,0,D20,D92
0.08876163838616313,Concrete,0,D20,B94
0.09352439316937719,Concrete,0,D20,C94
0.07817032804629286,Concrete,0,D20,D94
0.08286216588943235,Concrete,0,B21,C21
0.08025718471757448,Concrete,0,B21,D21
0.07410527448927859,Concrete,0,B21,B22
0.07023363089110977,Concrete,0,B21,C22
0.08183604295618989,Concrete,0,B21,D22
0.084151267032439,Concrete,0,B21,B23
0.07691400872174214,Concrete,0,B21,C23
0.09270307719982321,Concrete,0,B21,D23
0.12211403930718719,Concrete,0,B21,B24
0.07311104642036104,Concrete,0,B21,C24
0.098357501774742,Concrete,0,B21,D24
0.08203475373870722,Concrete,0,B21,B26
0.07585409367054799,Concrete,0,B21,C26
0.0906077471259981,Concrete,0,B21,D26
0.0962322022766816,Concrete,0,B21,B42
0.07706306660016657,Concrete,0,B21,C42
0.109132965014963,Concrete,0,B21,D42
0.08302031810609423,Concrete,0,B21,B43
0.09850104069583321,Concrete,0,B21,C43
0.06873536883028196,Concrete,0,B21,D43
0.09067424952091951,Concrete,0,B21,B44
0.09035819250930062,Concrete,0,B21,C44
0.07836566120748434,Concrete,0,B21,D44
0.08588575790886042,Concrete,0,B21,B63
0.08047264302430072,Concrete,0,B21,C63
0.09525807613422617,Concrete,0,B21,D63
0.08623564748046442,Concrete,0,B21,B65
0.07039616838994832,Concrete,0,B21,C65
0.08812225739917853,Concrete,0,B21,D65
0.106879425077003,Concrete,0,B21,B67
0.08623910879880967,Concrete,0,B21,C67
0.07674418615632099,Concrete,0,B21,D67
0.09860515493622317,Concrete,0,B21,B68
0.08898340741489283,Concrete,0,B21,C68
0.09009253501102961,Concrete,0,B21,D68
0.09350431817055191,Concrete,0,B21,B73
0.09833386274188766,Concrete,0,B21,C73
0.10749327525454627,Concrete,0,B21,D73
0.11414702123600273,Concrete,0,B21,B77
0.08960999227182337,Concrete,0,B21,C77
0.08363437848994618,Concrete,0,B21,D77
0.08104648344970293,Concrete,0,B21,B78
0.0827335806125458,Concrete,0,B21,C78
0.09556691052688646,Concrete,0,B21,D78
0.10001825240278768,Concrete,0,B21,B80
0.07903289362057207,Concrete,0,B21,C80
0.08674522924715476,Concrete,0,B21,D80
0.06920185988588974,Concrete,0,B21,B88
0.08692935135209112,Concrete,0,B21,C88
0.10298281905898324,Concrete,0,B21,D88
0.09260879425080944,Concrete,0,B21,B91
0.07755409316871915,Concrete,0,B21,C91
0.0801242708144719,Concrete,0,B21,D91
0.0901148886944485,Concrete,0,B21,B92
0.08226717172570451,Concrete,0,B21,C92
0.07179057875365774,Concrete,0,B21,D92
0.0920335115857117,Concrete,0,B21,B94
0.08260359852693523,Concrete,0,B21,C94
0.08971654751358776,Concrete,0,B21,D94
0.08409209244404826,Concrete,0,C21,D21
0.09078594369483566,Concrete,0,C21,B22
0.07270756739209255,Concrete,0,C21,C22
0.0837112719884199,Concrete,0,C21,D22
0.08763530847196156,Concrete,0,C21,B23
0.07978789315815123,Concrete,0,C21,C23
0.10193422593783501,Concrete,0,C21,D23
0.11021725324815297,Concrete,0,C21,B24
0.08315627670823623,Concrete,0,C21,C24
0.1060442239283584,Concrete,0,C21,D24
0.07728088266352134,Concrete,0,C21,B26
0.08761451709474691,Concrete,0,C21,C26
0.09882024051487319,Concrete,0,C21,D26
0.08857168217288379,Concrete,0,C21,B42
0.08704304134968484,Concrete,0,C21,C42
0.07862426633745027,Concrete,0,C21,D42
0.08258735445888067,Concrete,0,C21,B43
0.08902927917446155,Concrete,0,C21,C43
0.07653930467986653,Concrete,0,C21,D43
0.10384946217009398,Concrete,0,C21,B44
0.11836484886013121,Concrete,0,C21,C44
0.08084146698519777,Concrete,0,C21,D44
0.08738164989326916,Concrete,0,C21,B63
0.08771843378188864,Concrete,0,C21,C63
0.11064056407553818,Concrete,0,C21,D63
0.08820213078512644,Concrete,0,C21,B65
0.07230541064966517,Concrete,0,C21,C65
0.10526274448812764,Concrete,0,C21,D65
0.09547051074394479,Concrete,0,C21,B67
0.09449600566947279,Concrete,0,C21,C67
0.0825449245400188,Concrete,0,C21,D67
0.10968215988671606,Concrete,0,C21,B68
0.0940713648074192,Concrete,0,C21,C68
0.08535842532183854,Concrete,0,C21,D68
0.09270544573788832,Concrete,0,C21,B73
0.08982587109658717,Concrete,0,C21,C73
0.09343534417715255,Concrete,0,C21,D73
0.1060376785717227,Concrete,0,C21,B77
0.1058149061234939,Concrete,0,C21,C77
0.07831245823639421,Concrete,0,C21,D77
0.08262749870201667,Concrete,0,C21,B78
0.0877165742308453,Concrete,0,C21,C78
0.08253662181489833,Concrete,0,C21,D78
0.07726423098713864,Concrete,0,C21,B80
0.08883584010292318,Concrete,0,C21,C80
0.07444666270460851,Concrete,0,C21,D80
0.07517915634817167,Concrete,0,C21,B88
0.10045534199046408,Concrete,0,C21,C88
0.09698523327877343,Concrete,0,C21,D88
0.08302755716158006,Concrete,0,C21,B91
0.09038530525532261,Concrete,0,C21,C91
0.07655317575542739,Concrete,0,C21,D91
0.09125999407126897,Concrete,0,C21,B92
0.0852763120755302,Concrete,0,C21,C92
0.07282021987413903,Concrete,0,C21,D92
0.09302318001888657,Concrete,0,C21,B94
0.07496183329137793,Concrete,0,C21,C94
0.08965382326827118,Concrete,0,C21,D94
0.08697505952439055,Concrete,0,D21,B22
0.08532116995512264,Concrete,0,D21,C22
0.08062153529562337,Concrete,0,D21,D22
0.07249394690718497,Concrete,0,D21,B23
0.08522054138367305,Concrete,0,D21,C23
0.11627455909003959,Concrete,0,D21,D23
0.10407892810065417,Concrete,0,D21,B24
0.079029520748187,Concrete,0,D21,C24
0.09002608992334997,Concrete,0,D21,D24
0.07893148904634523,Concrete,0,D21,B26
0.09662744891159195,Concrete,0,D21,C26
0.1094755889690647,Concrete,0,D21,D26
0.0959922405051684,Concrete,0,D21,B42
0.08990012423403144,Concrete,0,D21,C42
0.10607976534029816,Concrete,0,D21,D42
0.08721424005924724,Concrete,0,D21,B43
0.09203514554586348,Concrete,0,D21,C43
0.07804812975185925,Concrete,0,D21,D43
0.11879019134966173,Concrete,0,D21,B44
0.09928081414831796,Concrete,0,D21,C44
0.0843891340063918,Concrete,0,D21,D44
0.09007907250656863,Concrete,0,D21,B63
0.10094489024793765,Concrete,0,D21,C63
0.11435014570678402,Concrete,0,D21,D63
0.10205568013588756,Concrete,0,D21,B65
0.07601535344959955,Concrete,0,D21,C65
0.08368405883327866,Concrete,0,D21,D65
0.09281577345489003,Concrete,0,D21,B67
0.09244037865895546,Concrete,0,D21,C67
0.07422047553548657,Concrete,0,D21,D67
0.10124458924307934,Concrete,0,D21,B68
0.09427661954764331,Concrete,0,D21,C68
0.09984654819061649,Concrete,0,D21,D68
0.10479659035149053,Concrete,0,D21,B73
0.09796643586416137,Concrete,0,D21,C73
0.11664329274692989,Concrete,0,D21,D73
0.10965965078334251,Concrete,0,D21,B77
0.09916126043209737,Concrete,0,D21,C77
0.0862761553866788,Concrete,0,D21,D77
0.08783325071514561,Concrete,0,D21,B78
0.09826238605838944,Concrete,0,D21,C78
0.08842472109648924,Concrete,0,D21,D78
0.09562468013687431,Concrete,0,D21,B80
0.08888544912831642,Concrete,0,D21,C80
0.09277849077558878,Concrete,0,D21,D80
0.07192057456533359,Concrete,0,D21,B88
0.09889266729893396,Concrete,0,D21,C88
0.10001679073186567,Concrete,0,D21,D88
0.10062679204836479,Concrete,0,D21,B91
0.09009746536035007,Concrete,0,D21,C91
0.08857847653800661,Concrete,0,D21,D91
0.09529279518885846,Concrete,0,D21,B92
0.07862562345264183,Concrete,0,D21,C92
0.08018215899804153,Concrete,0,D21,D92
0.09869027542358812,Concrete,0,D21,B94
0.07855289222083679,Concrete,0,D21,C94
0.0855784667341923,Concrete,0,D21,D94
0.07285975931911874,Concrete,0,B22,C22
0.0827763000255763,Concrete,0,B22,D22
0.08014962385669097,Concrete,0,B22,B23
0.07316827063150547,Concrete,0,B22,C23
0.10571851992329297,Concrete,0,B22,D23
0.1188583676046458,Concrete,0,B22,B24
0.0825930460580103,Concrete,0,B22,C24
0.09819944420439053,Concrete,0,B22,D24
0.08363801063106263,Concrete,0,B22,B26
0.08489287154792854,Concrete,0,B22,C26
0.09458182007801771,Concrete,0,B22,D26
0.1078509514474085,Concrete,0,B22,B42
0.08010311295839259,Concrete,0,B22,C42
0.10484506667380761,Concrete,0,B22,D42
0.08534488192813655,Concrete,0,B22,B43
0.09957010054686344,Concrete,0,B22,C43
0.07631996375669299,Concrete,0,B22,D43
0.09666183408244926,Concrete,0,B22,B44
0.10491363962397009,Concrete,0,B22,C44
0.07797714419374409,Concrete,0,B22,D44
0.0962545940073037,Concrete,0,B22,B63
0.09016004529399677,Concrete,0,B22,C63
0.10600875866300648,Concrete,0,B22,D63
0.0915259496862243,Concrete,0,B22,B65
0.07843874189772497,Concrete,0,B22,C65
0.09037706901632085,Concrete,0,B22,D65
0.10288381456491001,Concrete,0,B22,B67
0.08525761149716146,Concrete,0,B22,C67
0.07500046217954068,Concrete,0,B22,D67
0.1078805060716591,Concrete,0,B22,B68
0.09462646742748075,Concrete,0,B22,C68
0.1044585256695039,Concrete,0,B22,D68
0.10713859278961481,Concrete,0,B22,B73
0.09164481746284049,Concrete,0,B22,C73
0.1011847256663204,Concrete,0,B22,D73
0.11447574566170025,Concrete,0,B22,B77
0.10348223968506996,Concrete,0,B22,C77
0.08415387784182288,Concrete,0,B22,D77
0.08782016308473571,Concrete,0,B22,B78
0.09312648613415546,Concrete,0,B22,C78
0.09247031357736969,Concrete,0,B22,D78
0.10065876792741214,Concrete,0,B22,B80
0.09278282275604399,Concrete,0,B22,C80
0.0826112755448004,Concrete,0,B22,D80
0.07188550585176429,Concrete,0,B22,B88
0.09108233656285394,Concrete,0,B22,C88
0.09167606127945345,Concrete,0,B22,D88
0.08922625959267917,Concrete,0,B22,B91
0.07812230998883891,Concrete,0,B22,C91
0.08844882902164869,Concrete,0,B22,D91
0.08997289545431682,Concrete,0,B22,B92
0.07500748195575221,Concrete,0,B22,C92
0.08196571678278051,Concrete,0,B22,D92
0.08975480013190065,Concrete,0,B22,B94
0.09350380026505643,Concrete,0,B22,C94
0.08825622756387033,Concrete,0,B22,D94
0.0647803147006021,Concrete,0,C22,D22
0.07251198797369245,Concrete,0,C22,B23
0.06885241267095943,Concrete,0,C22,C23
0.08659106973460658,Concrete,0,C22,D23
0.09474463723009942,Concrete,0,C22,B24
0.0800888145265338,Concrete,0,C22,C24
0.08161388841123847,Concrete,0,C22,D24
0.06380727276251168,Concrete,0,C22,B26
0.08126831671399491,Concrete,0,C22,C26
0.08355212324899083,Concrete,0,C22,D26
0.08043414252755235,Concrete,0,C22,B42
0.0795012889614109,Concrete,0,C22,C42
0.09122803415588332,Concrete,0,C22,D42
0.07369282846134337,Concrete,0,C22,B43
0.07949643254205425,Concrete,0,C22,C43
0.06570484526388144,Concrete,0,C22,D43
0.10826138202094936,Concrete,0,C22,B44
0.08230421925277916,Concrete,0,C22,C44
0.06550238810008477,Concrete,0,C22,D44
0.07657886984740687,Concrete,0,C22,B63
0.07331940684955279,Concrete,0,C22,C63
0.10793877982531268,Concrete,0,C22,D63
0.07905635444673258,Concrete,0,C22,B65
0.06608865690738366,Concrete,0,C22,C65
0.08890149247127607,Concrete,0,C22,D65
0.08776710942737533,Concrete,0,C22,B67
0.07049069665296057,Concrete,0,C22,C67
0.0732152257369727,Concrete,0,C22,D67
0.09534609376926595,Concrete,0,C22,B68
0.08882434861365127,Concrete,0,C22,C68
0.09444764957680171,Concrete,0,C22,D68
0.08740974727708128,Concrete,0,C22,B73
0.09577338757863567,Concrete,0,C22,C73
0.08806001806048074,Concrete,0,C22,D73
0.10096172710145475,Concrete,0,C22,B77
0.07781252180096733,Concrete,0,C22,C77
0.06592648122567267,Concrete,0,C22,D77
0.07482761193612467,Concrete,0,C22,B78
0.08850371941481787,Concrete,0,C22,C78
0.07708712769755062,Concrete,0,C22,D78
0.08522148969689662,Concrete,0,C22,B80
0.0769177977352763,Concrete,0,C22,C80
0.08018020169947906,Concrete,0,C22,D80
0.06070050975342011,Concrete,0,C22,B88
0.06533811238715481,Concrete,0,C22,C88
0.08348125732350131,Concrete,0,C22,D88
0.07945583118222355,Concrete,0,C22,B91
0.0733198041096542,Concrete,0,C22,C91
0.07773820624193371,Concrete,0,C22,D91
0.08474168015320836,Concrete,0,C22,B92
0.06860628971572934,Concrete,0,C22,C92
0.07052858880214444,Concrete,0,C22,D92
0.08370657966747548,Concrete,0,C22,B94
0.07205078309704932,Concrete,0,C22,C94
0.07771449728847102,Concrete,0,C22,D94
0.08509106969473398,Concrete,0,D22,B23
0.08007043664685337,Concrete,0,D22,C23
0.1006105899186247,Concrete,0,D22,D23
0.1044703333316246,Concrete,0,D22,B24
0.08466585269255014,Concrete,0,D22,C24
0.09977401564829314,Concrete,0,D22,D24
0.07808172461946207,Concrete,0,D22,B26
0.08357832505047222,Concrete,0,D22,C26
0.0915850659077816,Concrete,0,D22,D26
0.09194839192421143,Concrete,0,D22,B42
0.07432924914957041,Concrete,0,D22,C42
0.09941577021192492,Concrete,0,D22,D42
0.08233151109803129,Concrete,0,D22,B43
0.0860406487948719,Concrete,0,D22,C43
0.06617819127274112,Concrete,0,D22,D43
0.11366045243885092,Concrete,0,D22,B44
0.09721545131712805,Concrete,0,D22,C44
0.07327454527851257,Concrete,0,D22,D44
0.08326246250942368,Concrete,0,D22,B63
0.08260508868622597,Concrete,0,D22,C63
0.11257322958969085,Concrete,0,D22,D63
0.0965947185184432,Concrete,0,D22,B65
0.0699533513702893,Concrete,0,D22,C65
0.09884543457525763,Concrete,0,D22,D65
0.09511626285639124,Concrete,0,D22,B67
0.08038679547166444,Concrete,0,D22,C67
0.07919461986694445,Concrete,0,D22,D67
0.11207999673704294,Concrete,0,D22,B68
0.09293310384624363,Concrete,0,D22,C68
0.10793837905296651,Concrete,0,D22,D68
0.09823324936843367,Concrete,0,D22,B73
0.09620893045199132,Concrete,0,D22,C73
0.10246796375231561,Concrete,0,D22,D73
0.10528823549247925,Concrete,0,D22,B77
0.0995314794588437,Concrete,0,D22,C77
0.0819612857819694,Concrete,0,D22,D77
0.08185178913969897,Concrete,0,D22,B78
0.09927043278693291,Concrete,0,D22,C78
0.08928606281843307,Concrete,0,D22,D78
0.09534190172107339,Concrete,0,D22,B80
0.08526294706194794,Concrete,0,D22,C80
0.0894236995837171,Concrete,0,D22,D80
0.07566364045607372,Concrete,0,D22,B88
0.09469398546308061,Concrete,0,D22,C88
0.08749464829701012,Concrete,0,D22,D88
0.09263880258369327,Concrete,0,D22,B91
0.0817869719145939,Concrete,0,D22,C91
0.08334245690130698,Concrete,0,D22,D91
0.10440578688849919,Concrete,0,D22,B92
0.07772637888172598,Concrete,0,D22,C92
0.07260961846897004,Concrete,0,D22,D92
0.08655870970299485,Concrete,0,D22,B94
0.0813388008429293,Concrete,0,D22,C94
0.07791537819512928,Concrete,0,D22,D94
0.07934943662941617,Concrete,0,B23,C23
0.10512531606390951,Concrete,0,B23,D23
0.10883840638610925,Concrete,0,B23,B24
0.08184600071617593,Concrete,0,B23,C24
0.09302880752455285,Concrete,0,B23,D24
0.07860851202071925,Concrete,0,B23,B26
0.08173207781529371,Concrete,0,B23,C26
0.09540841972626356,Concrete,0,B23,D26
0.09876636852649197,Concrete,0,B23,B42
0.07509259832268882,Concrete,0,B23,C42
0.1099518421531656,Concrete,0,B23,D42
0.08333269397008415,Concrete,0,B23,B43
0.09214946018662715,Concrete,0,B23,C43
0.07361266785822108,Concrete,0,B23,D43
0.09725314877704855,Concrete,0,B23,B44
0.08616015230384169,Concrete,0,B23,C44
0.08328877213312211,Concrete,0,B23,D44
0.09178073509698234,Concrete,0,B23,B63
0.08934187996600364,Concrete,0,B23,C63
0.10816764763661876,Concrete,0,B23,D63
0.10058475886710878,Concrete,0,B23,B65
0.08113080427071592,Concrete,0,B23,C65
0.09429140469417005,Concrete,0,B23,D65
0.0949737814273842,Concrete,0,B23,B67
0.08668915401057395,Concrete,0,B23,C67
0.07477384626295587,Concrete,0,B23,D67
0.10570569750136366,Concrete,0,B23,B68
0.10071063042317345,Concrete,0,B23,C68
0.10056858334826808,Concrete,0,B23,D68
0.10401457792759923,Concrete,0,B23,B73
0.09450367486127476,Concrete,0,B23,C73
0.10489989147195256,Concrete,0,B23,D73
0.1115689789900722,Concrete,0,B23,B77
0.09386328148001774,Concrete,0,B23,C77
0.08736813070701395,Concrete,0,B23,D77
0.07881451282310226,Concrete,0,B23,B78
0.09563225557659454,Concrete,0,B23,C78
0.08926458745792996,Concrete,0,B23,D78
0.09253515473786784,Concrete,0,B23,B80
0.09315912612868059,Concrete,0,B23,C80
0.0952812720063583,Concrete,0,B23,D80
0.07110564418066123,Concrete,0,B23,B88
0.0878785743407969,Concrete,0,B23,C88
0.09918925834366278,Concrete,0,B23,D88
0.09089016585701393,Concrete,0,B23,B91
0.08749920845508229,Concrete,0,B23,C91
0.09100296710178865,Concrete,0,B23,D91
0.09345964798724286,Concrete,0,B23,B92
0.07823662157377116,Concrete,0,B23,C92
0.0846789583811662,Concrete,0,B23,D92
0.09026311621551765,Concrete,0,B23,B94
0.09099598198351151,Concrete,0,B23,C94
0.08642049424961447,Concrete,0,B23,D94
0.08777268934942777,Concrete,0,C23,D23
0.11143435213220776,Concrete,0,C23,B24
0.0791663437438597,Concrete,0,C23,C24
0.08367430020838112,Concrete,0,C23,D24
0.06362626968200293,Concrete,0,C23,B26
0.07757160377717329,Concrete,0,C23,C26
0.09557205836625529,Concrete,0,C23,D26
0.0832859802160496,Concrete,0,C23,B42
0.07974480565304233,Concrete,0,C23,C42
0.09776130985422421,Concrete,0,C23,D42
0.0841659479712456,Concrete,0,C23,B43
0.0746469818937739,Concrete,0,C23,C43
0.0680294491031879,Concrete,0,C23,D43
0.07678181628717098,Concrete,0,C23,B44
0.08298124911496885,Concrete,0,C23,C44
0.07668879748292992,Concrete,0,C23,D44
0.08627334735438291,Concrete,0,C23,B63
0.0753141339872602,Concrete,0,C23,C63
0.10425790247350489,Concrete,0,C23,D63
0.07746135763184872,Concrete,0,C23,B65
0.06599371236084978,Concrete,0,C23,C65
0.09240332807729866,Concrete,0,C23,D65
0.08550269837864301,Concrete,0,C23,B67
0.08007608154975823,Concrete,0,C23,C67
0.07870591938253613,Concrete,0,C23,D67
0.09221206560898608,Concrete,0,C23,B68
0.08056650590294752,Concrete,0,C23,C68
0.10185936662320605,Concrete,0,C23,D68
0.11280912924601118,Concrete,0,C23,B73
0.0880508931486092,Concrete,0,C23,C73
0.08462620801007939,Concrete,0,C23,D73
0.10323718414330722,Concrete,0,C23,B77
0.08936397782815778,Concrete,0,C23,C77
0.08794614141586483,Concrete,0,C23,D77
0.0772377646942536,Concrete,0,C23,B78
0.07971264841725666,Concrete,0,C23,C78
0.08159633435068586,Concrete,0,C23,D78
0.07683845723310047,Concrete,0,C23,B80
0.0842180821632967,Concrete,0,C23,C80
0.07297426801846955,Concrete,0,C23,D80
0.06530390111022498,Concrete,0,C23,B88
0.0773836883430552,Concrete,0,C23,C88
0.09127548176808899,Concrete,0,C23,D88
0.0886771337108954,Concrete,0,C23,B91
0.08058879481008856,Concrete,0,C23,C91
0.08085533826124161,Concrete,0,C23,D91
0.09568312305681129,Concrete,0,C23,B92
0.07045207049327003,Concrete,0,C23,C92
0.07331260848095161,Concrete,0,C23,D92
0.09082412378962253,Concrete,0,C23,B94
0.08999577365394347,Concrete,0,C23,C94
0.08381754212142219,Concrete,0,C23,D94
0.1341354202567858,Concrete,0,D23,B24
0.09887015238598094,Concrete,0,D23,C24
0.11387144073137676,Concrete,0,D23,D24
0.09099779044148132,Concrete,0,D23,B26
0.10278139699078354,Concrete,0,D23,C26
0.11992395974508555,Concrete,0,D23,D26
0.11605623614894152,Concrete,0,D23,B42
0.0983422965141624,Concrete,0,D23,C42
0.12244500448427727,Concrete,0,D23,D42
0.10847068352805021,Concrete,0,D23,B43
0.10675101817554711,Concrete,0,D23,C43
0.07843734493715018,Concrete,0,D23,D43
0.12448626946985755,Concrete,0,D23,B44
0.11281143103606579,Concrete,0,D23,C44
0.0955690234685485,Concrete,0,D23,D44
0.1062943762655937,Concrete,0,D23,B63
0.10461427262717328,Concrete,0,D23,C63
0.10998550509827423,Concrete,0,D23,D63
0.10787135524220388,Concrete,0,D23,B65
0.08942354534153607,Concrete,0,D23,C65
0.12298451387323281,Concrete,0,D23,D65
0.12062516127367315,Concrete,0,D23,B67
0.11086052521291229,Concrete,0,D23,C67
0.1025945700598075,Concrete,0,D23,D67
0.12894508400890875,Concrete,0,D23,B68
0.1273359467133496,Concrete,0,D23,C68
0.10968523750905738,Concrete,0,D23,D68
0.11633527283255006,Concrete,0,D23,B73
0.11861071940313243,Concrete,0,D23,C73
0.11328167774564694,Concrete,0,D23,D73
0.14500659012020253,Concrete,0,D23,B77
0.10730102262624065,Concrete,0,D23,C77
0.09906464265849453,Concrete,0,D23,D77
0.09203591411163846,Concrete,0,D23,B78
0.11647496498258299,Concrete,0,D23,C78
0.10217861836222429,Concrete,0,D23,D78
0.11381405044528374,Concrete,0,D23,B80
0.10266025712091725,Concrete,0,D23,C80
0.10664102993262296,Concrete,0,D23,D80
0.10323030214973414,Concrete,0,D23,B88
0.10908288033646642,Concrete,0,D23,C88
0.1183514078521533,Concrete,0,D23,D88
0.11526855511797768,Concrete,0,D23,B91
0.10407552213289874,Concrete,0,D23,C91
0.10584625341514088,Concrete,0,D23,D91
0.10823904011923106,Concrete,0,D23,B92
0.10366700075479564,Concrete,0,D23,C92
0.08739341639074932,Concrete,0,D23,D92
0.11768485077275495,Concrete,0,D23,B94
0.11165631325982583,Concrete,0,D23,C94
0.10193252497847437,Concrete,0,D23,D94
0.12381378704499359,Concrete,0,B24,C24
0.12212442674830867,Concrete,0,B24,D24
0.10190582847006156,Concrete,0,B24,B26
0.1073483246615505,Concrete,0,B24,C26
0.12919667127743484,Concrete,0,B24,D26
0.11385140231027145,Concrete,0,B24,B42
0.10624934235008177,Concrete,0,B24,C42
0.1430503882147402,Concrete,0,B24,D42
0.1093796020420289,Concrete,0,B24,B43
0.11155589441613074,Concrete,0,B24,C43
0.10277328919894166,Concrete,0,B24,D43
0.1379232821161144,Concrete,0,B24,B44
0.1175274038720219,Concrete,0,B24,C44
0.10722872707311568,Concrete,0,B24,D44
0.11284182155554966,Concrete,0,B24,B63
0.11984131326852157,Concrete,0,B24,C63
0.14603692783181157,Concrete,0,B24,D63
0.11341273528587119,Concrete,0,B24,B65
0.10101830691575611,Concrete,0,B24,C65
0.12009618776536389,Concrete,0,B24,D65
0.10930007802816506,Concrete,0,B24,B67
0.11567039408051899,Concrete,0,B24,C67
0.12298665655746105,Concrete,0,B24,D67
0.13881631246594636,Concrete,0,B24,B68
0.14370305856769935,Concrete,0,B24,C68
0.1450068075237199,Concrete,0,B24,D68
0.12384859776041583,Concrete,0,B24,B73
0.12936219312533168,Concrete,0,B24,C73
0.12928820624104456,Concrete,0,B24,D73
0.1289408155627592,Concrete,0,B24,B77
0.10632588498630094,Concrete,0,B24,C77
0.09897409513190732,Concrete,0,B24,D77
0.10505339968521474,Concrete,0,B24,B78
0.12014865533928464,Concrete,0,B24,C78
0.10739116633713935,Concrete,0,B24,D78
0.11148829457441611,Concrete,0,B24,B80
0.12183075206712998,Concrete,0,B24,C80
0.12960209565139075,Concrete,0,B24,D80
0.10001519101852757,Concrete,0,B24,B88
0.12537614145507348,Concrete,0,B24,C88
0.10799341239379491,Concrete,0,B24,D88
0.12317629254864665,Concrete,0,B24,B91
0.11042274741066409,Concrete,0,B24,C91
0.11337464447888955,Concrete,0,B24,D91
0.1309888998479163,Concrete,0,B24,B92
0.1017731470614182,Concrete,0,B24,C92
0.10076248928725318,Concrete,0,B24,D92
0.11097637280804708,Concrete,0,B24,B94
0.11802666504880817,Concrete,0,B24,C94
0.10850326023603245,Concrete,0,B24,D94
0.09516038359516381,Concrete,0,C24,D24
0.0732747939600039,Concrete,0,C24,B26
0.08699397508889138,Concrete,0,C24,C26
0.09915628983080214,Concrete,0,C24,D26
0.10789416393230507,Concrete,0,C24,B42
0.08575748871063543,Concrete,0,C24,C42
0.10500971614536612,Concrete,0,C24,D42
0.08348996404399055,Concrete,0,C24,B43
0.09075533493724254,Concrete,0,C24,C43
0.07436219820212364,Concrete,0,C24,D43
0.10421648683585341,Concrete,0,C24,B44
0.09772223834280576,Concrete,0,C24,C44
0.08445051548792233,Concrete,0,C24,D44
0.08669817095218553,Concrete,0,C24,B63
0.09363891324632473,Concrete,0,C24,C63
0.10193384986155764,Concrete,0,C24,D63
0.08351211739847492,Concrete,0,C24,B65
0.07720059472691765,Concrete,0,C24,C65
0.0938212387174255,Concrete,0,C24,D65
0.10911325993473732,Concrete,0,C24,B67
0.08908775730307363,Concrete,0,C24,C67
0.07421382107143185,Concrete,0,C24,D67
0.10133237476966044,Concrete,0,C24,B68
0.09981365197149596,Concrete,0,C24,C68
0.09045123043801143,Concrete,0,C24,D68
0.09999348250691478,Concrete,0,C24,B73
0.09888161965984824,Concrete,0,C24,C73
0.10382670097477609,Concrete,0,C24,D73
0.122186270594719,Concrete,0,C24,B77
0.09657826437143875,Concrete,0,C24,C77
0.08945273619560051,Concrete,0,C24,D77
0.08908100366664355,Concrete,0,C24,B78
0.09331947739289602,Concrete,0,C24,C78
0.09002209907721961,Concrete,0,C24,D78
0.09041055081018419,Concrete,0,C24,B80
0.08269685791666406,Concrete,0,C24,C80
0.07852074463445914,Concrete,0,C24,D80
0.07446972739302012,Concrete,0,C24,B88
0.09133542045890546,Concrete,0,C24,C88
0.1115392464296254,Concrete,0,C24,D88
0.09960506282757911,Concrete,0,C24,B91
0.08676583136598312,Concrete,0,C24,C91
0.08490807191793773,Concrete,0,C24,D91
0.09314676388982816,Concrete,0,C24,B92
0.08688262249366556,Concrete,0,C24,C92
0.07674697649056451,Concrete,0,C24,D92
0.10089166818024176,Concrete,0,C24,B94
0.08821650040109791,Concrete,0,C24,C94
0.08651268459224257,Concrete,0,C24,D94
0.07052721870277781,Concrete,0,D24,B26
0.09974522580989373,Concrete,0,D24,C26
0.09488220346800455,Concrete,0,D24,D26
0.10787528698623843,Concrete,0,D24,B42
0.1038363993501328,Concrete,0,D24,C42
0.1137192283849579,Concrete,0,D24,D42
0.09495342704092859,Concrete,0,D24,B43
0.11090991533614772,Concrete,0,D24,C43
0.0820468046388354,Concrete,0,D24,D43
0.1128142384895821,Concrete,0,D24,B44
0.09195883897501711,Concrete,0,D24,C44
0.0863236849590794,Concrete,0,D24,D44
0.08565287249014049,Concrete,0,D24,B63
0.0987806624404224,Concrete,0,D24,C63
0.1265975892930731,Concrete,0,D24,D63
0.10042892742181257,Concrete,0,D24,B65
0.08193711168129082,Concrete,0,D24,C65
0.08525989069621628,Concrete,0,D24,D65
0.10440047546232437,Concrete,0,D24,B67
0.08232350811390675,Concrete,0,D24,C67
0.09246399297684457,Concrete,0,D24,D67
0.08914324939329055,Concrete,0,D24,B68
0.09323668974927037,Concrete,0,D24,C68
0.11295190681246539,Concrete,0,D24,D68
0.10445194904423749,Concrete,0,D24,B73
0.09899391263639525,Concrete,0,D24,C73
0.10080240263541419,Concrete,0,D24,D73
0.11149722233657744,Concrete,0,D24,B77
0.10722131139112688,Concrete,0,D24,C77
0.10212195291999177,Concrete,0,D24,D77
0.08979160758155605,Concrete,0,D24,B78
0.11432291601004037,Concrete,0,D24,C78
0.09756674560799983,Concrete,0,D24,D78
0.09275842624284182,Concrete,0,D24,B80
0.09390087066140285,Concrete,0,D24,C80
0.10604185690826536,Concrete,0,D24,D80
0.08269821858177989,Concrete,0,D24,B88
0.0885460134651015,Concrete,0,D24,C88
0.10674461599491919,Concrete,0,D24,D88
0.09992393117311966,Concrete,0,D24,B91
0.09177453294556258,Concrete,0,D24,C91
0.09590956655433092,Concrete,0,D24,D91
0.12380544717335756,Concrete,0,D24,B92
0.08999590929830736,Concrete,0,D24,C92
0.08782563521811386,Concrete,0,D24,D92
0.10504511640859607,Concrete,0,D24,B94
0.10336232097824358,Concrete,0,D24,C94
0.10265862169680214,Concrete,0,D24,D94
0.08163509638569026,Concrete,0,B26,C26
0.079621907609855,Concrete,0,B26,D26
0.08396422911088232,Concrete,0,B26,B42
0.08041486749674577,Concrete,0,B26,C42
0.08975837126341969,Concrete,0,B26,D42
0.08865300905957595,Concrete,0,B26,B43
0.08180409109245379,Concrete,0,B26,C43
0.06629049438011446,Concrete,0,B26,D43
0.09564520738310599,Concrete,0,B26,B44
0.07672629015699116,Concrete,0,B26,C44
0.07093500905588654,Concrete,0,B26,D44
0.07335062105209869,Concrete,0,B26,B63
0.08052376345529665,Concrete,0,B26,C63
0.10575900389257158,Concrete,0,B26,D63
0.08039397101600182,Concrete,0,B26,B65
0.0729474881796188,Concrete,0,B26,C65
0.07569935640266212,Concrete,0,B26,D65
0.08544170388702323,Concrete,0,B26,B67
0.07438648230239962,Concrete,0,B26,C67
0.0722887054995513,Concrete,0,B26,D67
0.08848805386651905,Concrete,0,B26,B68
0.08282254269979014,Concrete,0,B26,C68
0.09558935799065879,Concrete,0,B26,D68
0.09397894512056297,Concrete,0,B26,B73
0.08170760175123147,Concrete,0,B26,C73
0.08760320269207844,Concrete,0,B26,D73
0.09666738834727613,Concrete,0,B26,B77
0.08779169888501777,Concrete,0,B26,C77
0.07078340184329951,Concrete,0,B26,D77
0.066959460936887,Concrete,0,B26,B78
0.0809911782076006,Concrete,0,B26,C78
0.0778670733715641,Concrete,0,B26,D78
0.07816398178835662,Concrete,0,B26,B80
0.07943436705359024,Concrete,0,B26,C80
0.08333890830891773,Concrete,0,B26,D80
0.06436516594036752,Concrete,0,B26,B88
0.07444482848396872,Concrete,0,B26,C88
0.08904051707315554,Concrete,0,B26,D88
0.08509116723669781,Concrete,0,B26,B91
0.07911453963552545,Concrete,0,B26,C91
0.08288060283267353,Concrete,0,B26,D91
0.09799999771530234,Concrete,0,B26,B92
0.06476584782906598,Concrete,0,B26,C92
0.06912641309118335,Concrete,0,B26,D92
0.08177245249127095,Concrete,0,B26,B94
0.08612494668870596,Concrete,0,B26,C94
0.07857733909855813,Concrete,0,B26,D94
0.09913457531643334,Concrete,0,C26,D26
0.09625108004855693,Concrete,0,C26,B42
0.08132773018730491,Concrete,0,C26,C42
0.11552779735288661,Concrete,0,C26,D42
0.08223317688381365,Concrete,0,C26,B43
0.09244400895987522,Concrete,0,C26,C43
0.07256667685409122,Concrete,0,C26,D43
0.10019055200833656,Concrete,0,C26,B44
0.08902409909918439,Concrete,0,C26,C44
0.09134555669497345,Concrete,0,C26,D44
0.09076012867618886,Concrete,0,C26,B63
0.08195676339129916,Concrete,0,C26,C63
0.10330376709903367,Concrete,0,C26,D63
0.08595354452557755,Concrete,0,C26,B65
0.07630218375965002,Concrete,0,C26,C65
0.10424513970425077,Concrete,0,C26,D65
0.10190025671180175,Concrete,0,C26,B67
0.09285653582981279,Concrete,0,C26,C67
0.09546427209494356,Concrete,0,C26,D67
0.09936823294272187,Concrete,0,C26,B68
0.10641056836025384,Concrete,0,C26,C68
0.09899730270202221,Concrete,0,C26,D68
0.10848926099507983,Concrete,0,C26,B73
0.09239896914906247,Concrete,0,C26,C73
0.09887146361271269,Concrete,0,C26,D73
0.1026575319686336,Concrete,0,C26,B77
0.09980827845764882,Concrete,0,C26,C77
0.08754170322686226,Concrete,0,C26,D77
0.08404593075163082,Concrete,0,C26,B78
0.08602773209613442,Concrete,0,C26,C78
0.09325303605616274,Concrete,0,C26,D78
0.08797740885843101,Concrete,0,C26,B80
0.09530725712951292,Concrete,0,C26,C80
0.09135823048736953,Concrete,0,C26,D80
0.0756910806791601,Concrete,0,C26,B88
0.09826288346589603,Concrete,0,C26,C88
0.09681379855152367,Concrete,0,C26,D88
0.09347378388471968,Concrete,0,C26,B91
0.08001490911981496,Concrete,0,C26,C91
0.0885248665547876,Concrete,0,C26,D91
0.1129903754338901,Concrete,0,C26,B92
0.08177963680588866,Concrete,0,C26,C92
0.081280360926156,Concrete,0,C26,D92
0.102573384943117,Concrete,0,C26,B94
0.09452743325620303,Concrete,0,C26,C94
0.08746230802233866,Concrete,0,C26,D94
0.11150507851691173,Concrete,0,D26,B42
0.08471859715183554,Concrete,0,D26,C42
0.11692479824729583,Concrete,0,D26,D42
0.0872697299028102,Concrete,0,D26,B43
0.12415624591339043,Concrete,0,D26,C43
0.08254369452304557,Concrete,0,D26,D43
0.10831174554010274,Concrete,0,D26,B44
0.10332605777431338,Concrete,0,D26,C44
0.0856745360860687,Concrete,0,D26,D44
0.09067075921107043,Concrete,0,D26,B63
0.10258092807273184,Concrete,0,D26,C63
0.12234651336324266,Concrete,0,D26,D63
0.1037784771676579,Concrete,0,D26,B65
0.08959269166198507,Concrete,0,D26,C65
0.10151541281814307,Concrete,0,D26,D65
0.11273792906495175,Concrete,0,D26,B67
0.10224616906038062,Concrete,0,D26,C67
0.08392400692326986,Concrete,0,D26,D67
0.10162298313910735,Concrete,0,D26,B68
0.09866558574575966,Concrete,0,D26,C68
0.10399057448948906,Concrete,0,D26,D68
0.0912664489239951,Concrete,0,D26,B73
0.10495614320450496,Concrete,0,D26,C73
0.10725153986248552,Concrete,0,D26,D73
0.112083841295162,Concrete,0,D26,B77
0.10779331514901044,Concrete,0,D26,C77
0.08717076080071567,Concrete,0,D26,D77
0.09037298858536494,Concrete,0,D26,B78
0.10128129454045227,Concrete,0,D26,C78
0.10916980524379648,Concrete,0,D26,D78
0.11299658610846006,Concrete,0,D26,B80
0.08803951129534415,Concrete,0,D26,C80
0.09589399869146303,Concrete,0,D26,D80
0.08076514476584569,Concrete,0,D26,B88
0.09468082776687445,Concrete,0,D26,C88
0.09941564512645688,Concrete,0,D26,D88
0.10606446810939224,Concrete,0,D26,B91
0.1019741916384664,Concrete,0,D26,C91
0.09107786986464872,Concrete,0,D26,D91
0.10786014515665844,Concrete,0,D26,B92
0.10569294097451686,Concrete,0,D26,C92
0.0862154738442636,Concrete,0,D26,D92
0.09295121587210638,Concrete,0,D26,B94
0.10355453533014373,Concrete,0,D26,C94
0.10392213232594429,Concrete,0,D26,D94
0.09250907237839577,Concrete,0,B42,C42
0.11470193644509756,Concrete,0,B42,D42
0.1007180872316259,Concrete,0,B42,B43
0.0888441530384538,Concrete,0,B42,C43
0.09015462407112328,Concrete,0,B42,D43
0.12048011664363882,Concrete,0,B42,B44
0.09995950153996498,Concrete,0,B42,C44
0.10087676167802799,Concrete,0,B42,D44
0.1024498948014585,Concrete,0,B42,B63
0.09959288690402472,Concrete,0,B42,C63
0.14667180702093296,Concrete,0,B42,D63
0.09804821410777458,Concrete,0,B42,B65
0.07845055720154868,Concrete,0,B42,C65
0.11265614129264852,Concrete,0,B42,D65
0.10221334997707593,Concrete,0,B42,B67
0.10552588545959717,Concrete,0,B42,C67
0.09526916942860239,Concrete,0,B42,D67
0.1270684648948829,Concrete,0,B42,B68
0.10291395781740358,Concrete,0,B42,C68
0.11061932471256482,Concrete,0,B42,D68
0.1186510788096735,Concrete,0,B42,B73
0.11411453336019756,Concrete,0,B42,C73
0.09991677868813456,Concrete,0,B42,D73
0.10674479205091898,Concrete,0,B42,B77
0.10667973586810885,Concrete,0,B42,C77
0.08871809372483107,Concrete,0,B42,D77
0.08778093645760782,Concrete,0,B42,B78
0.11422107248732681,Concrete,0,B42,C78
0.0961433875656809,Concrete,0,B42,D78
0.08649653994431335,Concrete,0,B42,B80
0.09773265785984998,Concrete,0,B42,C80
0.09065591466570622,Concrete,0,B42,D80
0.08547628316214383,Concrete,0,B42,B88
0.10116668405160134,Concrete,0,B42,C88
0.09567288181718793,Concrete,0,B42,D88
0.10609605925839667,Concrete,0,B42,B91
0.10390781817316641,Concrete,0,B42,C91
0.10215068647850814,Concrete,0,B42,D91
0.11164255806454,Concrete,0,B42,B92
0.09502768706924343,Concrete,0,B42,C92
0.08501718087692711,Concrete,0,B42,D92
0.10574183567348813,Concrete,0,B42,B94
0.09452987232125426,Concrete,0,B42,C94
0.10352664736744949,Concrete,0,B42,D94
0.11332667843979713,Concrete,0,C42,D42
0.07298147834193394,Concrete,0,C42,B43
0.09181896091056994,Concrete,0,C42,C43
0.06768601579487468,Concrete,0,C42,D43
0.08546224352102481,Concrete,0,C42,B44
0.10232644872318913,Concrete,0,C42,C44
0.0737123703509972,Concrete,0,C42,D44
0.08346419669213223,Concrete,0,C42,B63
0.08087873409505472,Concrete,0,C42,C63
0.1159632102576806,Concrete,0,C42,D63
0.09365987761458039,Concrete,0,C42,B65
0.07790704647646572,Concrete,0,C42,C65
0.09875118350357968,Concrete,0,C42,D65
0.08202937466333676,Concrete,0,C42,B67
0.09259625227218189,Concrete,0,C42,C67
0.08490883026047112,Concrete,0,C42,D67
0.10760605854863904,Concrete,0,C42,B68
0.09101892624674297,Concrete,0,C42,C68
0.10879500814115782,Concrete,0,C42,D68
0.09458827586040496,Concrete,0,C42,B73
0.09216482505750703,Concrete,0,C42,C73
0.09917932169892033,Concrete,0,C42,D73
0.10521233508852376,Concrete,0,C42,B77
0.08477988857131122,Concrete,0,C42,C77
0.0779051112060297,Concrete,0,C42,D77
0.07666820613378478,Concrete,0,C42,B78
0.08491570273132582,Concrete,0,C42,C78
0.09514172400053099,Concrete,0,C42,D78
0.09001924775767985,Concrete,0,C42,B80
0.09337442161780267,Concrete,0,C42,C80
0.08601064113358761,Concrete,0,C42,D80
0.07037087954018051,Concrete,0,C42,B88
0.09780404569106788,Concrete,0,C42,C88
0.0930642728760585,Concrete,0,C42,D88
0.0969210084706739,Concrete,0,C42,B91
0.085829415482098,Concrete,0,C42,C91
0.08372907797202939,Concrete,0,C42,D91
0.09017675992214307,Concrete,0,C42,B92
0.08263725610862964,Concrete,0,C42,C92
0.07295810874682014,Concrete,0,C42,D92
0.08541075749071522,Concrete,0,C42,B94
0.08304329165520577,Concrete,0,C42,C94
0.08488541985619125,Concrete,0,C42,D94
0.10539044811776763,Concrete,0,D42,B43
0.11420013084716035,Concrete,0,D42,C43
0.09613876721866237,Concrete,0,D42,D43
0.11564105815128356,Concrete,0,D42,B44
0.14340973917430402,Concrete,0,D42,C44
0.10200095790597967,Concrete,0,D42,D44
0.10143892145851569,Concrete,0,D42,B63
0.11439838135683206,Concrete,0,D42,C63
0.13375562722469955,Concrete,0,D42,D63
0.10644966129725672,Concrete,0,D42,B65
0.10093985217670756,Concrete,0,D42,C65
0.11414530356127488,Concrete,0,D42,D65
0.11978406829546011,Concrete,0,D42,B67
0.1235454305639904,Concrete,0,D42,C67
0.10367931060269807,Concrete,0,D42,D67
0.11779493039534686,Concrete,0,D42,B68
0.11268762492393919,Concrete,0,D42,C68
0.12137119497642675,Concrete,0,D42,D68
0.12193147267611178,Concrete,0,D42,B73
0.11678850873255626,Concrete,0,D42,C73
0.1195005359418195,Concrete,0,D42,D73
0.12624792638088506,Concrete,0,D42,B77
0.13378376093568073,Concrete,0,D42,C77
0.11118771676297996,Concrete,0,D42,D77
0.09525959717673162,Concrete,0,D42,B78
0.11457338031183803,Concrete,0,D42,C78
0.09445066248326614,Concrete,0,D42,D78
0.10679182274198108,Concrete,0,D42,B80
0.11044183591469728,Concrete,0,D42,C80
0.11241547477952063,Concrete,0,D42,D80
0.09566084298749161,Concrete,0,D42,B88
0.11826735252046035,Concrete,0,D42,C88
0.113907058081119,Concrete,0,D42,D88
0.08607228888208288,Concrete,0,D42,B91
0.10706501273049339,Concrete,0,D42,C91
0.11199889240848496,Concrete,0,D42,D91
0.12070535934984081,Concrete,0,D42,B92
0.11084979923211266,Concrete,0,D42,C92
0.09966895556214768,Concrete,0,D42,D92
0.10538951112724343,Concrete,0,D42,B94
0.10581714881122602,Concrete,0,D42,C94
0.10243462514688399,Concrete,0,D42,D94
0.10424265825195518,Concrete,0,B43,C43
0.06637898508928627,Concrete,0,B43,D43
0.09887968337190764,Concrete,0,B43,B44
0.09912069792096828,Concrete,0,B43,C44
0.08311259588719563,Concrete,0,B43,D44
0.0751147334413393,Concrete,0,B43,B63
0.08371552064743454,Concrete,0,B43,C63
0.11066367548474482,Concrete,0,B43,D63
0.09151333687119963,Concrete,0,B43,B65
0.08164261714168304,Concrete,0,B43,C65
0.10184024685018302,Concrete,0,B43,D65
0.092553431822463,Concrete,0,B43,B67
0.08979043284404013,Concrete,0,B43,C67
0.08359706318229525,Concrete,0,B43,D67
0.08475228332536273,Concrete,0,B43,B68
0.09526435656990333,Concrete,0,B43,C68
0.09568899723142812,Concrete,0,B43,D68
0.08745169236314573,Concrete,0,B43,B73
0.09393135932927704,Concrete,0,B43,C73
0.09942928461181055,Concrete,0,B43,D73
0.11010862280635539,Concrete,0,B43,B77
0.09193676263451134,Concrete,0,B43,C77
0.0911689751255908,Concrete,0,B43,D77
0.07908530998753585,Concrete,0,B43,B78
0.09407972521440616,Concrete,0,B43,C78
0.08885912767370208,Concrete,0,B43,D78
0.08609462913644733,Concrete,0,B43,B80
0.08883114689791347,Concrete,0,B43,C80
0.0858542497945147,Concrete,0,B43,D80
0.0772079041273185,Concrete,0,B43,B88
0.09071960424695276,Concrete,0,B43,C88
0.09715107786552474,Concrete,0,B43,D88
0.08656156785048852,Concrete,0,B43,B91
0.0848952941399841,Concrete,0,B43,C91
0.08541348722078622,Concrete,0,B43,D91
0.09796524291963137,Concrete,0,B43,B92
0.0833534090152834,Concrete,0,B43,C92
0.08165429072067838,Concrete,0,B43,D92
0.08814823810685829,Concrete,0,B43,B94
0.08471351748304845,Concrete,0,B43,C94
0.07864331151108009,Concrete,0,B43,D94
0.08635306950460774,Concrete,0,C43,D43
0.11847996268691383,Concrete,0,C43,B44
0.09797538621063608,Concrete,0,C43,C44
0.08537066953410354,Concrete,0,C43,D44
0.1080594885097528,Concrete,0,C43,B63
0.09254659242677389,Concrete,0,C43,C63
0.12983105548609364,Concrete,0,C43,D63
0.0944703041956647,Concrete,0,C43,B65
0.07663717159443635,Concrete,0,C43,C65
0.10389246922460972,Concrete,0,C43,D65
0.10693027702010752,Concrete,0,C43,B67
0.08533575444711919,Concrete,0,C43,C67
0.09883116457589268,Concrete,0,C43,D67
0.11792852980821608,Concrete,0,C43,B68
0.1051113335285604,Concrete,0,C43,C68
0.12520342289778028,Concrete,0,C43,D68
0.13625757099817143,Concrete,0,C43,B73
0.10887548358288927,Concrete,0,C43,C73
0.09843165815574224,Concrete,0,C43,D73
0.12126579377059547,Concrete,0,C43,B77
0.10624578744025284,Concrete,0,C43,C77
0.09730489607968029,Concrete,0,C43,D77
0.09055666418384398,Concrete,0,C43,B78
0.1103527830449193,Concrete,0,C43,C78
0.09368450368875485,Concrete,0,C43,D78
0.08183361355675471,Concrete,0,C43,B80
0.10089710675207691,Concrete,0,C43,C80
0.09272948972163521,Concrete,0,C43,D80
0.08324428732030838,Concrete,0,C43,B88
0.10145432613138261,Concrete,0,C43,C88
0.1043630684321786,Concrete,0,C43,D88
0.10336042620261528,Concrete,0,C43,B91
0.09864605639397661,Concrete,0,C43,C91
0.10090542392115875,Concrete,0,C43,D91
0.11275227372463673,Concrete,0,C43,B92
0.07853479985443156,Concrete,0,C43,C92
0.08329198415155577,Concrete,0,C43,D92
0.11550505033825342,Concrete,0,C43,B94
0.10173859596021113,Concrete,0,C43,C94
0.09298694476011021,Concrete,0,C43,D94
0.09246928095490305,Concrete,0,D43,B44
0.07983904282154214,Concrete,0,D43,C44
0.07223003907700186,Concrete,0,D43,D44
0.07593494606487204,Concrete,0,D43,B63
0.07614183618945299,Concrete,0,D43,C63
0.09129322786678605,Concrete,0,D43,D63
0.08007202358204549,Concrete,0,D43,B65
0.0656458372115083,Concrete,0,D43,C65
0.09193686801516088,Concrete,0,D43,D65
0.08461733736739356,Concrete,0,D43,B67
0.07717414807912164,Concrete,0,D43,C67
0.07556433820434358,Concrete,0,D43,D67
0.09067369270080629,Concrete,0,D43,B68
0.09366623190103157,Concrete,0,D43,C68
0.08582830058425936,Concrete,0,D43,D68
0.08797092526517272,Concrete,0,D43,B73
0.08305731846621746,Concrete,0,D43,C73
0.0826236266149643,Concrete,0,D43,D73
0.09407843277604253,Concrete,0,D43,B77
0.08399809601955466,Concrete,0,D43,C77
0.06966662872604035,Concrete,0,D43,D77
0.06989405565533255,Concrete,0,D43,B78
0.08111526873390756,Concrete,0,D43,C78
0.08153413731163583,Concrete,0,D43,D78
0.08791295673250188,Concrete,0,D43,B80
0.07428084082594477,Concrete,0,D43,C80
0.08391124840082392,Concrete,0,D43,D80
0.07353744133382942,Concrete,0,D43,B88
0.08243475342047134,Concrete,0,D43,C88
0.08298016877057458,Concrete,0,D43,D88
0.07607414587062462,Concrete,0,D43,B91
0.06915805848424612,Concrete,0,D43,C91
0.06998207635484097,Concrete,0,D43,D91
0.08533733618863201,Concrete,0,D43,B92
0.06930974694532246,Concrete,0,D43,C92
0.057213461395380756,Concrete,0,D43,D92
0.08243524723212971,Concrete,0,D43,B94
0.07638270206072074,Concrete,0,D43,C94
0.06817063296261792,Concrete,0,D43,D94
0.0966646750100602,Concrete,0,B44,C44
0.09971779249435606,Concrete,0,B44,D44
0.10753441431363024,Concrete,0,B44,B63
0.10710011022776303,Concrete,0,B44,C63
0.10993308340955611,Concrete,0,B44,D63
0.0961348941368265,Concrete,0,B44,B65
0.09492641835352829,Concrete,0,B44,C65
0.11917569156023158,Concrete,0,B44,D65
0.1150157830886022,Concrete,0,B44,B67
0.11854888335533692,Concrete,0,B44,C67
0.0958165691676012,Concrete,0,B44,D67
0.11301308046172101,Concrete,0,B44,B68
0.1041945061879461,Concrete,0,B44,C68
0.11317729314398968,Concrete,0,B44,D68
0.13307030426603308,Concrete,0,B44,B73
0.10788623546189723,Concrete,0,B44,C73
0.10903444534169733,Concrete,0,B44,D73
0.1165068914014221,Concrete,0,B44,B77
0.11713424753930024,Concrete,0,B44,C77
0.1108533910524763,Concrete,0,B44,D77
0.09085370428229403,Concrete,0,B44,B78
0.08574090702902398,Concrete,0,B44,C78
0.11864805206890629,Concrete,0,B44,D78
0.10474769928377389,Concrete,0,B44,B80
0.10669353037094727,Concrete,0,B44,C80
0.10359624565455795,Concrete,0,B44,D80
0.0897314613430852,Concrete,0,B44,B88
0.11303217021589865,Concrete,0,B44,C88
0.10566860770825248,Concrete,0,B44,D88
0.09766207014878327,Concrete,0,B44,B91
0.10552746249885259,Concrete,0,B44,C91
0.10920300624034285,Concrete,0,B44,D91
0.11982828222733964,Concrete,0,B44,B92
0.10983965811827878,Concrete,0,B44,C92
0.09503023591590351,Concrete,0,B44,D92
0.10248172370666793,Concrete,0,B44,B94
0.1110123258162521,Concrete,0,B44,C94
0.09875913625836186,Concrete,0,B44,D94
0.09028049610698212,Concrete,0,C44,D44
0.09135967312976298,Concrete,0,C44,B63
0.09491840074621517,Concrete,0,C44,C63
0.11466870515821773,Concrete,0,C44,D63
0.09656801871948933,Concrete,0,C44,B65
0.08588277208091284,Concrete,0,C44,C65
0.10915472481994024,Concrete,0,C44,D65
0.11074390362034878,Concrete,0,C44,B67
0.08284875334186417,Concrete,0,C44,C67
0.10071259240583762,Concrete,0,C44,D67
0.10057346550975926,Concrete,0,C44,B68
0.09951865946548939,Concrete,0,C44,C68
0.10171461648574118,Concrete,0,C44,D68
0.1274866932157835,Concrete,0,C44,B73
0.10182495944109625,Concrete,0,C44,C73
0.10370851819065068,Concrete,0,C44,D73
0.11112230101294578,Concrete,0,C44,B77
0.09645794372686053,Concrete,0,C44,C77
0.09831657387893376,Concrete,0,C44,D77
0.08441968186861146,Concrete,0,C44,B78
0.09764673532096291,Concrete,0,C44,C78
0.10905908337100885,Concrete,0,C44,D78
0.08689444324006886,Concrete,0,C44,B80
0.093957053997077,Concrete,0,C44,C80
0.10010785059456731,Concrete,0,C44,D80
0.08069078674659598,Concrete,0,C44,B88
0.08890073375738357,Concrete,0,C44,C88
0.10274827490701853,Concrete,0,C44,D88
0.09629619963548834,Concrete,0,C44,B91
0.10246357060024028,Concrete,0,C44,C91
0.120230137968809,Concrete,0,C44,D91
0.120913831544593,Concrete,0,C44,B92
0.0817417660233818,Concrete,0,C44,C92
0.0839052814747141,Concrete,0,C44,D92
0.10055307796608763,Concrete,0,C44,B94
0.09627261740273119,Concrete,0,C44,C94
0.09541891353571245,Concrete,0,C44,D94
0.09077645076550726,Concrete,0,D44,B63
0.0829887127872475,Concrete,0,D44,C63
0.11208113448808556,Concrete,0,D44,D63
0.09318604529115553,Concrete,0,D44,B65
0.07058976930159389,Concrete,0,D44,C65
0.09155433211628806,Concrete,0,D44,D65
0.0956814441911158,Concrete,0,D44,B67
0.072749353035975,Concrete,0,D44,C67
0.08268013996844029,Concrete,0,D44,D67
0.08928484829148371,Concrete,0,D44,B68
0.08403862613424584,Concrete,0,D44,C68
0.09947138995731944,Concrete,0,D44,D68
0.09464227442166354,Concrete,0,D44,B73
0.08877318620258325,Concrete,0,D44,C73
0.10011319937001609,Concrete,0,D44,D73
0.10841600604805171,Concrete,0,D44,B77
0.08624919614816064,Concrete,0,D44,C77
0.07821357604855703,Concrete,0,D44,D77
0.07991645594945575,Concrete,0,D44,B78
0.08826118109025638,Concrete,0,D44,C78
0.09287977150294556,Concrete,0,D44,D78
0.08363768449268462,Concrete,0,D44,B80
0.08999428368030618,Concrete,0,D44,C80
0.08395688911590668,Concrete,0,D44,D80
0.06956725696601566,Concrete,0,D44,B88
0.08142941726591474,Concrete,0,D44,C88
0.08352338312863429,Concrete,0,D44,D88
0.09233730489179723,Concrete,0,D44,B91
0.07345401340811629,Concrete,0,D44,C91
0.08025187089054968,Concrete,0,D44,D91
0.10146743019448982,Concrete,0,D44,B92
0.0732043619754232,Concrete,0,D44,C92
0.0673741498896558,Concrete,0,D44,D92
0.08495975904828758,Concrete,0,D44,B94
0.08555007889856643,Concrete,0,D44,C94
0.08643294717915627,Concrete,0,D44,D94
0.09424697112160968,Concrete,0,B63,C63
0.11718660895644632,Concrete,0,B63,D63
0.09828912649552182,Concrete,0,B63,B65
0.08428049246138715,Concrete,0,B63,C65
0.09921042489724156,Concrete,0,B63,D65
0.09519438767805272,Concrete,0,B63,B67
0.08825152769268585,Concrete,0,B63,C67
0.09008197805482888,Concrete,0,B63,D67
0.0881692081017653,Concrete,0,B63,B68
0.09370964399119595,Concrete,0,B63,C68
0.09212366490580717,Concrete,0,B63,D68
0.09985127536412992,Concrete,0,B63,B73
0.0965229850791108,Concrete,0,B63,C73
0.10704372207027048,Concrete,0,B63,D73
0.10320431580042633,Concrete,0,B63,B77
0.09433848307869558,Concrete,0,B63,C77
0.09655062063407953,Concrete,0,B63,D77
0.08586697901436324,Concrete,0,B63,B78
0.10525398639870313,Concrete,0,B63,C78
0.08809427662905336,Concrete,0,B63,D78
0.09707125925464209,Concrete,0,B63,B80
0.0913318681020656,Concrete,0,B63,C80
0.091564171603033,Concrete,0,B63,D80
0.07392117347873768,Concrete,0,B63,B88
0.09102466699469813,Concrete,0,B63,C88
0.10573623048425462,Concrete,0,B63,D88
0.09740649478886179,Concrete,0,B63,B91
0.08832309977730957,Concrete,0,B63,C91
0.09123387314804074,Concrete,0,B63,D91
0.12390096132523186,Concrete,0,B63,B92
0.10254147367686846,Concrete,0,B63,C92
0.08230204718510747,Concrete,0,B63,D92
0.09355463997422246,Concrete,0,B63,B94
0.08570928138386559,Concrete,0,B63,C94
0.08783162581532143,Concrete,0,B63,D94
0.10664591268222008,Concrete,0,C63,D63
0.08374407288267595,Concrete,0,C63,B65
0.07680523354978228,Concrete,0,C63,C65
0.10596125103726564,Concrete,0,C63,D65
0.10493055132155876,Concrete,0,C63,B67
0.09589602816730473,Concrete,0,C63,C67
0.10503264283212896,Concrete,0,C63,D67
0.11212610520884383,Concrete,0,C63,B68
0.09731036927500204,Concrete,0,C63,C68
0.10048838029759347,Concrete,0,C63,D68
0.10919946734493827,Concrete,0,C63,B73
0.1029163464435201,Concrete,0,C63,C73
0.0880223445997141,Concrete,0,C63,D73
0.1154940105731028,Concrete,0,C63,B77
0.09863124793382862,Concrete,0,C63,C77
0.08063454352588498,Concrete,0,C63,D77
0.08964311783355015,Concrete,0,C63,B78
0.09458956100939832,Concrete,0,C63,C78
0.09649546962462079,Concrete,0,C63,D78
0.08736546945221821,Concrete,0,C63,B80
0.0869865257888858,Concrete,0,C63,C80
0.0870323527352505,Concrete,0,C63,D80
0.0692470008085856,Concrete,0,C63,B88
0.096278602401047,Concrete,0,C63,C88
0.10375859977100084,Concrete,0,C63,D88
0.08831369174601299,Concrete,0,C63,B91
0.08094296347216257,Concrete,0,C63,C91
0.08708064059374546,Concrete,0,C63,D91
0.09853850322651407,Concrete,0,C63,B92
0.09466578533635354,Concrete,0,C63,C92
0.07341189160271029,Concrete,0,C63,D92
0.10285396658516022,Concrete,0,C63,B94
0.09453882510492966,Concrete,0,C63,C94
0.09101958354619182,Concrete,0,C63,D94
0.11141928343446218,Concrete,0,D63,B65
0.10459319190415216,Concrete,0,D63,C65
0.14459099772535486,Concrete,0,D63,D65
0.1437061966984015,Concrete,0,D63,B67
0.12174547160810177,Concrete,0,D63,C67
0.11151064964994076,Concrete,0,D63,D67
0.12863087747330168,Concrete,0,D63,B68
0.13776487205980337,Concrete,0,D63,C68
0.12123107661860251,Concrete,0,D63,D68
0.12628712622463464,Concrete,0,D63,B73
0.12155478186273584,Concrete,0,D63,C73
0.13379371409366664,Concrete,0,D63,D73
0.1540364488480478,Concrete,0,D63,B77
0.12114380586614906,Concrete,0,D63,C77
0.1118162804716135,Concrete,0,D63,D77
0.11357056478966898,Concrete,0,D63,B78
0.08771828716122565,Concrete,0,D63,C78
0.12289130675809287,Concrete,0,D63,D78
0.14106517280445194,Concrete,0,D63,B80
0.11478635633646397,Concrete,0,D63,C80
0.11335390627098622,Concrete,0,D63,D80
0.10569944548891855,Concrete,0,D63,B88
0.1252593892434014,Concrete,0,D63,C88
0.1362358601493106,Concrete,0,D63,D88
0.1257443397168711,Concrete,0,D63,B91
0.11049105158453264,Concrete,0,D63,C91
0.10824733764600108,Concrete,0,D63,D91
0.12883141746921403,Concrete,0,D63,B92
0.11294567372730448,Concrete,0,D63,C92
0.09886145724674128,Concrete,0,D63,D92
0.10606798249482831,Concrete,0,D63,B94
0.1268974043702367,Concrete,0,D63,C94
0.10510949840036038,Concrete,0,D63,D94
0.07776369015106643,Concrete,0,B65,C65
0.10322016878071921,Concrete,0,B65,D65
0.10289659327958353,Concrete,0,B65,B67
0.09406086066757369,Concrete,0,B65,C67
0.09896034075852034,Concrete,0,B65,D67
0.10786567897225847,Concrete,0,B65,B68
0.10221462546182489,Concrete,0,B65,C68
0.10333057294361137,Concrete,0,B65,D68
0.10546406210371251,Concrete,0,B65,B73
0.10523429791922224,Concrete,0,B65,C73
0.09689361811747299,Concrete,0,B65,D73
0.13129737362882168,Concrete,0,B65,B77
0.11065733079684428,Concrete,0,B65,C77
0.09363088444524727,Concrete,0,B65,D77
0.08254236401013247,Concrete,0,B65,B78
0.09529248512227001,Concrete,0,B65,C78
0.09127123459876607,Concrete,0,B65,D78
0.08687868220825189,Concrete,0,B65,B80
0.086535747117912,Concrete,0,B65,C80
0.08778939833193782,Concrete,0,B65,D80
0.07810726365050012,Concrete,0,B65,B88
0.09453319068143652,Concrete,0,B65,C88
0.10790406706676356,Concrete,0,B65,D88
0.09237062614252903,Concrete,0,B65,B91
0.07853464209100888,Concrete,0,B65,C91
0.09504270517934775,Concrete,0,B65,D91
0.10551031663599543,Concrete,0,B65,B92
0.09142795449435748,Concrete,0,B65,C92
0.08243686967187668,Concrete,0,B65,D92
0.10268238465096437,Concrete,0,B65,B94
0.09883628698237633,Concrete,0,B65,C94
0.08784853924518111,Concrete,0,B65,D94
0.08307311994424513,Concrete,0,C65,D65
0.08712874349607568,Concrete,0,C65,B67
0.08057580618002773,Concrete,0,C65,C67
0.07535702699464414,Concrete,0,C65,D67
0.10154725008618702,Concrete,0,C65,B68
0.0803880871470251,Concrete,0,C65,C68
0.08672575079347115,Concrete,0,C65,D68
0.09556601832341106,Concrete,0,C65,B73
0.09367179503810977,Concrete,0,C65,C73
0.08502789153404122,Concrete,0,C65,D73
0.10046410999948813,Concrete,0,C65,B77
0.09289895866503937,Concrete,0,C65,C77
0.07208020532924016,Concrete,0,C65,D77
0.07246583105816401,Concrete,0,C65,B78
0.08453013122294133,Concrete,0,C65,C78
0.08009934392319053,Concrete,0,C65,D78
0.07983008455240385,Concrete,0,C65,B80
0.07860408557611512,Concrete,0,C65,C80
0.07570274194945599,Concrete,0,C65,D80
0.05824166135821375,Concrete,0,C65,B88
0.08312384579082682,Concrete,0,C65,C88
0.08688233985033345,Concrete,0,C65,D88
0.08620446167666419,Concrete,0,C65,B91
0.07946964243743652,Concrete,0,C65,C91
0.0753550352796641,Concrete,0,C65,D91
0.08333695290640615,Concrete,0,C65,B92
0.07663627182243021,Concrete,0,C65,C92
0.066570051938519,Concrete,0,C65,D92
0.09098402686103138,Concrete,0,C65,B94
0.0776422347324299,Concrete,0,C65,C94
0.0886966778806408,Concrete,0,C65,D94
0.11347880061984908,Concrete,0,D65,B67
0.08896346885752335,Concrete,0,D65,C67
0.08550782778128839,Concrete,0,D65,D67
0.11530008808423016,Concrete,0,D65,B68
0.08756343945535161,Concrete,0,D65,C68
0.11829363906602519,Concrete,0,D65,D68
0.10137174214251597,Concrete,0,D65,B73
0.11506406312223379,Concrete,0,D65,C73
0.10822987638348316,Concrete,0,D65,D73
0.11697381160427746,Concrete,0,D65,B77
0.10568928067048902,Concrete,0,D65,C77
0.085995791048992,Concrete,0,D65,D77
0.09715719725389668,Concrete,0,D65,B78
0.11331348505936065,Concrete,0,D65,C78
0.09790238504165562,Concrete,0,D65,D78
0.10445030716475631,Concrete,0,D65,B80
0.08718219864043683,Concrete,0,D65,C80
0.10512218004482077,Concrete,0,D65,D80
0.08349635247213316,Concrete,0,D65,B88
0.09612882716801166,Concrete,0,D65,C88
0.10873135885173006,Concrete,0,D65,D88
0.10296983182739489,Concrete,0,D65,B91
0.09752042785118814,Concrete,0,D65,C91
0.09863462991389106,Concrete,0,D65,D91
0.11701952204852858,Concrete,0,D65,B92
0.08942988120880214,Concrete,0,D65,C92
0.100795160424785,Concrete,0,D65,D92
0.10219001130334264,Concrete,0,D65,B94
0.09406023071272142,Concrete,0,D65,C94
0.09374140723045031,Concrete,0,D65,D94
0.1053225733008803,Concrete,0,B67,C67
0.09875128232120985,Concrete,0,B67,D67
0.11183404050462223,Concrete,0,B67,B68
0.10519040344606034,Concrete,0,B67,C68
0.13899188105122734,Concrete,0,B67,D68
0.1210435249462233,Concrete,0,B67,B73
0.10577646901417467,Concrete,0,B67,C73
0.10908785261380391,Concrete,0,B67,D73
0.10634742164670334,Concrete,0,B67,B77
0.09653498289771302,Concrete,0,B67,C77
0.09987571053574044,Concrete,0,B67,D77
0.08868314179251752,Concrete,0,B67,B78
0.113259115498265,Concrete,0,B67,C78
0.1059676328937622,Concrete,0,B67,D78
0.09312557535715066,Concrete,0,B67,B80
0.10195709253865846,Concrete,0,B67,C80
0.10786343453292234,Concrete,0,B67,D80
0.08196580580493323,Concrete,0,B67,B88
0.09744316007187347,Concrete,0,B67,C88
0.10704013842028656,Concrete,0,B67,D88
0.11472993986727544,Concrete,0,B67,B91
0.10251860452917352,Concrete,0,B67,C91
0.101994255194601,Concrete,0,B67,D91
0.11852899059395422,Concrete,0,B67,B92
0.09167203168439643,Concrete,0,B67,C92
0.08728144960370843,Concrete,0,B67,D92
0.11028976902844315,Concrete,0,B67,B94
0.09509269450378252,Concrete,0,B67,C94
0.10268851663978878,Concrete,0,B67,D94
0.09041219218567285,Concrete,0,C67,D67
0.08706847366214787,Concrete,0,C67,B68
0.08850061657176142,Concrete,0,C67,C68
0.11269081332566229,Concrete,0,C67,D68
0.09354598188574212,Concrete,0,C67,B73
0.08416914773061115,Concrete,0,C67,C73
0.1079307809691345,Concrete,0,C67,D73
0.11056539965983672,Concrete,0,C67,B77
0.10620601900029907,Concrete,0,C67,C77
0.0959435100135137,Concrete,0,C67,D77
0.08350808799705975,Concrete,0,C67,B78
0.09463543563184423,Concrete,0,C67,C78
0.09275794382853557,Concrete,0,C67,D78
0.09133052516651817,Concrete,0,C67,B80
0.09506010721672495,Concrete,0,C67,C80
0.08344299121819598,Concrete,0,C67,D80
0.07244742850013369,Concrete,0,C67,B88
0.08402331192329551,Concrete,0,C67,C88
0.09163673895206495,Concrete,0,C67,D88
0.1103721299578932,Concrete,0,C67,B91
0.08632449573933405,Concrete,0,C67,C91
0.07366570370841023,Concrete,0,C67,D91
0.11787850713086123,Concrete,0,C67,B92
0.07047283741401615,Concrete,0,C67,C92
0.07301579317362897,Concrete,0,C67,D92
0.09390690933738385,Concrete,0,C67,B94
0.09156126810830131,Concrete,0,C67,C94
0.08992016861172943,Concrete,0,C67,D94
0.1009045276821425,Concrete,0,D67,B68
0.08997354938082971,Concrete,0,D67,C68
0.10200815347941651,Concrete,0,D67,D68
0.1023646932975249,Concrete,0,D67,B73
0.09462659807061637,Concrete,0,D67,C73
0.10991578878653414,Concrete,0,D67,D73
0.11010191501189777,Concrete,0,D67,B77
0.09159090291485383,Concrete,0,D67,C77
0.07885234636222961,Concrete,0,D67,D77
0.07833087864811998,Concrete,0,D67,B78
0.10522419131499969,Concrete,0,D67,C78
0.09877218506720732,Concrete,0,D67,D78
0.10023414097607605,Concrete,0,D67,B80
0.08617573615384332,Concrete,0,D67,C80
0.08663556875328514,Concrete,0,D67,D80
0.0733164983762394,Concrete,0,D67,B88
0.08565935891452969,Concrete,0,D67,C88
0.08090738893269749,Concrete,0,D67,D88
0.09828875071468375,Concrete,0,D67,B91
0.0981568748762925,Concrete,0,D67,C91
0.0883995681652251,Concrete,0,D67,D91
0.09925711993890328,Concrete,0,D67,B92
0.0777600522242069,Concrete,0,D67,C92
0.07834053070522327,Concrete,0,D67,D92
0.08321695305414031,Concrete,0,D67,B94
0.07217309244504867,Concrete,0,D67,C94
0.08864634977238452,Concrete,0,D67,D94
0.10130699628283324,Concrete,0,B68,C68
0.11835211239777815,Concrete,0,B68,D68
0.10833235974720212,Concrete,0,B68,B73
0.08957259350946987,Concrete,0,B68,C73
0.11991514735219796,Concrete,0,B68,D73
0.12317521880221065,Concrete,0,B68,B77
0.10839276914325004,Concrete,0,B68,C77
0.11864732846863721,Concrete,0,B68,D77
0.0965573209767226,Concrete,0,B68,B78
0.11013434468249741,Concrete,0,B68,C78
0.11286349532794351,Concrete,0,B68,D78
0.10322049440188251,Concrete,0,B68,B80
0.10668848776267041,Concrete,0,B68,C80
0.10872976262248592,Concrete,0,B68,D80
0.08553027143351656,Concrete,0,B68,B88
0.09440839549515906,Concrete,0,B68,C88
0.11660363613460153,Concrete,0,B68,D88
0.11386288137355166,Concrete,0,B68,B91
0.0868143154583243,Concrete,0,B68,C91
0.09854150245778914,Concrete,0,B68,D91
0.138019128641717,Concrete,0,B68,B92
0.102136127554943,Concrete,0,B68,C92
0.08672283148805868,Concrete,0,B68,D92
0.11227528884561871,Concrete,0,B68,B94
0.10758445354334766,Concrete,0,B68,C94
0.11706242541775198,Concrete,0,B68,D94
0.11283422621118243,Concrete,0,C68,D68
0.10616257885432533,Concrete,0,C68,B73
0.09800595400189205,Concrete,0,C68,C73
0.0935061025445,Concrete,0,C68,D73
0.11397331150456297,Concrete,0,C68,B77
0.1127487438031592,Concrete,0,C68,C77
0.09684672256637994,Concrete,0,C68,D77
0.08060631056984259,Concrete,0,C68,B78
0.10097773962607899,Concrete,0,C68,C78
0.10364257087541383,Concrete,0,C68,D78
0.09243813580456473,Concrete,0,C68,B80
0.09858424079288132,Concrete,0,C68,C80
0.09242774467476071,Concrete,0,C68,D80
0.07915988065227988,Concrete,0,C68,B88
0.09347451623154282,Concrete,0,C68,C88
0.10822143951295421,Concrete,0,C68,D88
0.09999396624041998,Concrete,0,C68,B91
0.09587630672901476,Concrete,0,C68,C91
0.09837030538409046,Concrete,0,C68,D91
0.11328857521149098,Concrete,0,C68,B92
0.08775996482002715,Concrete,0,C68,C92
0.08543991248651651,Concrete,0,C68,D92
0.1071556333604095,Concrete,0,C68,B94
0.08132470453969694,Concrete,0,C68,C94
0.09792574867323416,Concrete,0,C68,D94
0.11206813298315386,Concrete,0,D68,B73
0.11926627877868139,Concrete,0,D68,C73
0.10754553627124527,Concrete,0,D68,D73
0.13016643288959065,Concrete,0,D68,B77
0.11594071355807657,Concrete,0,D68,C77
0.09915232809169142,Concrete,0,D68,D77
0.09516684314177142,Concrete,0,D68,B78
0.10595835335573167,Concrete,0,D68,C78
0.11136592109970755,Concrete,0,D68,D78
0.10586552476100708,Concrete,0,D68,B80
0.09900661365652877,Concrete,0,D68,C80
0.09838289694120587,Concrete,0,D68,D80
0.09286042052004195,Concrete,0,D68,B88
0.11522107809382083,Concrete,0,D68,C88
0.11823118501087518,Concrete,0,D68,D88
0.0954908433818047,Concrete,0,D68,B91
0.10241113744494594,Concrete,0,D68,C91
0.10204277712861635,Concrete,0,D68,D91
0.11008822008343033,Concrete,0,D68,B92
0.11688342803314276,Concrete,0,D68,C92
0.09087085145328777,Concrete,0,D68,D92
0.11842572885350892,Concrete,0,D68,B94
0.09816852556058933,Concrete,0,D68,C94
0.10750165804205702,Concrete,0,D68,D94
0.11996925924446766,Concrete,0,B73,C73
0.11760179886300691,Concrete,0,B73,D73
0.12413430877017373,Concrete,0,B73,B77
0.1183075309297901,Concrete,0,B73,C77
0.083045948743129,Concrete,0,B73,D77
0.10035768279946589,Concrete,0,B73,B78
0.10242555258622316,Concrete,0,B73,C78
0.09685317159858028,Concrete,0,B73,D78
0.11905370591518265,Concrete,0,B73,B80
0.09579394048980758,Concrete,0,B73,C80
0.11075591876737782,Concrete,0,B73,D80
0.09068352982649083,Concrete,0,B73,B88
0.10465377053328488,Concrete,0,B73,C88
0.11752630554562908,Concrete,0,B73,D88
0.10847932241329922,Concrete,0,B73,B91
0.10259759769943277,Concrete,0,B73,C91
0.08166910061238622,Concrete,0,B73,D91
0.10961921350477205,Concrete,0,B73,B92
0.09879436657649651,Concrete,0,B73,C92
0.09215092812544352,Concrete,0,B73,D92
0.11125153009371205,Concrete,0,B73,B94
0.09907221734487014,Concrete,0,B73,C94
0.0980554309764356,Concrete,0,B73,D94
0.1108005756425258,Concrete,0,C73,D73
0.1152385837396131,Concrete,0,C73,B77
0.11870178258801908,Concrete,0,C73,C77
0.11046617661800504,Concrete,0,C73,D77
0.08926674064443874,Concrete,0,C73,B78
0.10125200597000746,Concrete,0,C73,C78
0.11171820741450537,Concrete,0,C73,D78
0.0930149353841745,Concrete,0,C73,B80
0.10669938734931078,Concrete,0,C73,C80
0.09046249021991155,Concrete,0,C73,D80
0.08298580171671469,Concrete,0,C73,B88
0.10623843383899517,Concrete,0,C73,C88
0.11011507137105753,Concrete,0,C73,D88
0.1234122448268253,Concrete,0,C73,B91
0.09154453967388124,Concrete,0,C73,C91
0.09445323516005767,Concrete,0,C73,D91
0.12211106056707811,Concrete,0,C73,B92
0.09016051756692993,Concrete,0,C73,C92
0.08771208467958792,Concrete,0,C73,D92
0.09977946043770079,Concrete,0,C73,B94
0.09882299205472381,Concrete,0,C73,C94
0.10780239478966865,Concrete,0,C73,D94
0.10341829499477391,Concrete,0,D73,B77
0.1095839148192879,Concrete,0,D73,C77
0.099245520078903,Concrete,0,D73,D77
0.10132981814915354,Concrete,0,D73,B78
0.10543909234392879,Concrete,0,D73,C78
0.10374321117793099,Concrete,0,D73,D78
0.09180372808852759,Concrete,0,D73,B80
0.10343373746205699,Concrete,0,D73,C80
0.09911545567532724,Concrete,0,D73,D80
0.08875468261626258,Concrete,0,D73,B88
0.10349371325679732,Concrete,0,D73,C88
0.10817476056213428,Concrete,0,D73,D88
0.09727868810672888,Concrete,0,D73,B91
0.10010019183020984,Concrete,0,D73,C91
0.09834766572709133,Concrete,0,D73,D91
0.11401540322843175,Concrete,0,D73,B92
0.09633494720094758,Concrete,0,D73,C92
0.0846713476397604,Concrete,0,D73,D92
0.10985934204593864,Concrete,0,D73,B94
0.09894936697049268,Concrete,0,D73,C94
0.09998474236829365,Concrete,0,D73,D94
0.11534154250737579,Concrete,0,B77,C77
0.10629324072624832,Concrete,0,B77,D77
0.10091609131720776,Concrete,0,B77,B78
0.1101843498511328,Concrete,0,B77,C78
0.11867236538893779,Concrete,0,B77,D78
0.10704672722362263,Concrete,0,B77,B80
0.10699189076319122,Concrete,0,B77,C80
0.11552621075303796,Concrete,0,B77,D80
0.09235002021741397,Concrete,0,B77,B88
0.11188168885057309,Concrete,0,B77,C88
0.10259721698033485,Concrete,0,B77,D88
0.11563141598426792,Concrete,0,B77,B91
0.11769682534744005,Concrete,0,B77,C91
0.1043849780708502,Concrete,0,B77,D91
0.1272757630478725,Concrete,0,B77,B92
0.10549785988900266,Concrete,0,B77,C92
0.09775351104909437,Concrete,0,B77,D92
0.11454086886566317,Concrete,0,B77,B94
0.10845434617453321,Concrete,0,B77,C94
0.11326705595680271,Concrete,0,B77,D94
0.09053681719721583,Concrete,0,C77,D77
0.09198852502441839,Concrete,0,C77,B78
0.10800855682312152,Concrete,0,C77,C78
0.11096088565434985,Concrete,0,C77,D78
0.1016196919673678,Concrete,0,C77,B80
0.103245044766421,Concrete,0,C77,C80
0.119169904282938,Concrete,0,C77,D80
0.081804481425705,Concrete,0,C77,B88
0.10957889391815095,Concrete,0,C77,C88
0.11012079479863988,Concrete,0,C77,D88
0.10684490326516079,Concrete,0,C77,B91
0.09915700968391923,Concrete,0,C77,C91
0.10008512351440325,Concrete,0,C77,D91
0.11464431090568104,Concrete,0,C77,B92
0.08435164013047841,Concrete,0,C77,C92
0.08184960136948788,Concrete,0,C77,D92
0.0966082502471924,Concrete,0,C77,B94
0.08263545935375521,Concrete,0,C77,C94
0.1011293705785372,Concrete,0,C77,D94
0.07905467314211646,Concrete,0,D77,B78
0.09144878160318956,Concrete,0,D77,C78
0.08560788030005437,Concrete,0,D77,D78
0.10210830237670947,Concrete,0,D77,B80
0.08242351335453575,Concrete,0,D77,C80
0.09542470096006662,Concrete,0,D77,D80
0.07010205892527566,Concrete,0,D77,B88
0.08806814039807968,Concrete,0,D77,C88
0.09032541550572372,Concrete,0,D77,D88
0.09083463142273616,Concrete,0,D77,B91
0.09491408874379086,Concrete,0,D77,C91
0.07852446000875471,Concrete,0,D77,D91
0.09293535224054741,Concrete,0,D77,B92
0.07952279404926366,Concrete,0,D77,C92
0.07388469299175246,Concrete,0,D77,D92
0.09609196216834884,Concrete,0,D77,B94
0.08310970889552262,Concrete,0,D77,C94
0.08749308484809735,Concrete,0,D77,D94
0.08727997891502612,Concrete,0,B78,C78
0.08853197523360669,Concrete,0,B78,D78
0.08720823231570272,Concrete,0,B78,B80
0.08511912751506508,Concrete,0,B78,C80
0.08522288013245857,Concrete,0,B78,D80
0.07886087413082914,Concrete,0,B78,B88
0.0826829622752217,Concrete,0,B78,C88
0.09109952229611144,Concrete,0,B78,D88
0.09639308659804484,Concrete,0,B78,B91
0.091261919322931,Concrete,0,B78,C91
0.09095103319712579,Concrete,0,B78,D91
0.09857485939347647,Concrete,0,B78,B92
0.08211761720340029,Concrete,0,B78,C92
0.07735249567454339,Concrete,0,B78,D92
0.08483706484249673,Concrete,0,B78,B94
0.09052469451334014,Concrete,0,B78,C94
0.077036131061119,Concrete,0,B78,D94
0.1079078933924373,Concrete,0,C78,D78
0.10352680302928455,Concrete,0,C78,B80
0.09754372584538601,Concrete,0,C78,C80
0.09047458555470274,Concrete,0,C78,D80
0.07635109108530641,Concrete,0,C78,B88
0.1012702217885477,Concrete,0,C78,C88
0.11600775427344459,Concrete,0,C78,D88
0.10530357259759006,Concrete,0,C78,B91
0.09917745663909519,Concrete,0,C78,C91
0.09619504850538056,Concrete,0,C78,D91
0.1054363032863852,Concrete,0,C78,B92
0.08430833858363422,Concrete,0,C78,C92
0.0864927372509584,Concrete,0,C78,D92
0.0924948679213035,Concrete,0,C78,B94
0.10285758372262264,Concrete,0,C78,C94
0.09942247242692487,Concrete,0,C78,D94
0.08954454305275909,Concrete,0,D78,B80
0.09974874915677226,Concrete,0,D78,C80
0.09573298163968431,Concrete,0,D78,D80
0.08829296982712918,Concrete,0,D78,B88
0.09536093639853103,Concrete,0,D78,C88
0.09835315500150084,Concrete,0,D78,D88
0.08935557939004692,Concrete,0,D78,B91
0.09603353807769026,Concrete,0,D78,C91
0.09359705483082927,Concrete,0,D78,D91
0.10758739466570376,Concrete,0,D78,B92
0.08747391016738508,Concrete,0,D78,C92
0.0781391843288409,Concrete,0,D78,D92
0.10614589767460812,Concrete,0,D78,B94
0.09124728208716447,Concrete,0,D78,C94
0.08525699840832962,Concrete,0,D78,D94
0.0945868790378564,Concrete,0,B80,C80
0.0893185451998025,Concrete,0,B80,D80
0.0752229011025801,Concrete,0,B80,B88
0.0885654814430485,Concrete,0,B80,C88
0.10144540260686037,Concrete,0,B80,D88
0.09402639419101069,Concrete,0,B80,B91
0.09259192426480933,Concrete,0,B80,C91
0.09894003943331278,Concrete,0,B80,D91
0.10323020927748426,Concrete,0,B80,B92
0.07928805636176071,Concrete,0,B80,C92
0.08273848918412105,Concrete,0,B80,D92
0.10265489842657667,Concrete,0,B80,B94
0.08819826498555611,Concrete,0,B80,C94
0.09003936460547048,Concrete,0,B80,D94
0.09765387727635459,Concrete,0,C80,D80
0.07702476644792809,Concrete,0,C80,B88
0.09022073234598584,Concrete,0,C80,C88
0.10291029322284818,Concrete,0,C80,D88
0.09482031705018722,Concrete,0,C80,B91
0.09310944653181864,Concrete,0,C80,C91
0.08733974232365307,Concrete,0,C80,D91
0.10028679054276009,Concrete,0,C80,B92
0.09501591368392807,Concrete,0,C80,C92
0.08254342319526203,Concrete,0,C80,D92
0.10132395211749047,Concrete,0,C80,B94
0.08843424943525663,Concrete,0,C80,C94
0.0874815888132877,Concrete,0,C80,D94
0.07449767637912028,Concrete,0,D80,B88
0.08628265982235676,Concrete,0,D80,C88
0.09918683342453374,Concrete,0,D80,D88
0.11533907166883216,Concrete,0,D80,B91
0.09197998845042177,Concrete,0,D80,C91
0.08268524218726327,Concrete,0,D80,D91
0.09648073571918923,Concrete,0,D80,B92
0.09309206510847731,Concrete,0,D80,C92
0.0802490181693095,Concrete,0,D80,D92
0.0947934698713631,Concrete,0,D80,B94
0.08726435081764641,Concrete,0,D80,C94
0.09466351409835104,Concrete,0,D80,D94
0.07617046883725488,Concrete,0,B88,C88
0.08198770281093026,Concrete,0,B88,D88
0.08396218553520952,Concrete,0,B88,B91
0.07985748524586692,Concrete,0,B88,C91
0.07876600477177363,Concrete,0,B88,D91
0.08163632412480783,Concrete,0,B88,B92
0.07178440858009494,Concrete,0,B88,C92
0.06717858327033539,Concrete,0,B88,D92
0.07975043248323332,Concrete,0,B88,B94
0.06956786415929615,Concrete,0,B88,C94
0.08637449811449012,Concrete,0,B88,D94
0.09753614194805997,Concrete,0,C88,D88
0.10749972753474782,Concrete,0,C88,B91
0.09140086343210824,Concrete,0,C88,C91
0.09992883414855612,Concrete,0,C88,D91
0.11005451679795128,Concrete,0,C88,B92
0.08990604217161742,Concrete,0,C88,C92
0.08138059197118157,Concrete,0,C88,D92
0.0976528687611485,Concrete,0,C88,B94
0.09755967140813929,Concrete,0,C88,C94
0.09518042335886208,Concrete,0,C88,D94
0.10478073795694166,Concrete,0,D88,B91
0.10138251885264012,Concrete,0,D88,C91
0.09240912945823591,Concrete,0,D88,D91
0.11606215268144446,Concrete,0,D88,B92
0.08889280553350376,Concrete,0,D88,C92
0.08673954723818518,Concrete,0,D88,D92
0.08053832818559188,Concrete,0,D88,B94
0.08782932586152957,Concrete,0,D88,C94
0.09578991858728507,Concrete,0,D88,D94
0.08681101661541014,Concrete,0,B91,C91
0.11905179735188562,Concrete,0,B91,D91
0.10787455714349665,Concrete,0,B91,B92
0.09199133676860631,Concrete,0,B91,C92
0.08484298969455065,Concrete,0,B91,D92
0.105480451379945,Concrete,0,B91,B94
0.08902473782359559,Concrete,0,B91,C94
0.09512306487776324,Concrete,0,B91,D94
0.08284735677000313,Concrete,0,C91,D91
0.11625599501636501,Concrete,0,C91,B92
0.08201383434137098,Concrete,0,C91,C92
0.06943105796999761,Concrete,0,C91,D92
0.10159706059692675,Concrete,0,C91,B94
0.090886092619782,Concrete,0,C91,C94
0.0817508761580756,Concrete,0,C91,D94
0.10628195339548789,Concrete,0,D91,B92
0.08776050422821574,Concrete,0,D91,C92
0.06997616258236632,Concrete,0,D91,D92
0.1006386387596959,Concrete,0,D91,B94
0.0839870892627574,Concrete,0,D91,C94
0.08780318978585669,Concrete,0,D91,D94
0.09732510445733526,Concrete,0,B92,C92
0.09331487826665857,Concrete,0,B92,D92
0.10861604841056931,Concrete,0,B92,B94
0.10018033408621546,Concrete,0,B92,C94
0.10427968122454155,Concrete,0,B92,D94
0.07351948594818015,Concrete,0,C92,D92
0.0897241921174918,Concrete,0,C92,B94
0.08196231392764843,Concrete,0,C92,C94
0.0820915490738547,Concrete,0,C92,D94
0.08801985563901225,Concrete,0,D92,B94
0.08158163518412231,Concrete,0,D92,C94
0.07680932507544698,Concrete,0,D92,D94
0.09207316333755262,Concrete,0,B94,C94
0.09708941385407607,Concrete,0,B94,D94
0.08903187967047331,Concrete,0,C94,D94
