dissimilarity,rdm_index,trialno_1,trialno_2,pattern_index_1,pattern_index_2
0.24593091011047363,0,B14,C14,0,1
0.39725184440612793,0,B14,D14,0,2
0.9140282049775124,0,B14,B16,0,3
0.9592514410614967,0,B14,C16,0,4
0.8923304378986359,0,B14,D16,0,5
0.7937092483043671,0,B14,B27,0,6
0.9415992386639118,0,B14,C27,0,7
0.8744358420372009,0,B14,D27,0,8
0.8847523331642151,0,B14,B28,0,9
0.814086064696312,0,B14,C28,0,10
0.9427287615835667,0,B14,D28,0,11
1.0025319296400994,0,B14,B29,0,12
1.0194901581853628,0,B14,C29,0,13
0.9925481425598264,0,B14,D29,0,14
0.8068590760231018,0,B14,B31,0,15
0.8272625952959061,0,B14,C31,0,16
0.8910156488418579,0,B14,D31,0,17
1.000848220428452,0,B14,B32,0,18
0.9241591244935989,0,B14,C32,0,19
1.0391838103532791,0,B14,D32,0,20
0.9120733961462975,0,B14,B38,0,21
0.917950876057148,0,B14,C38,0,22
0.936775915324688,0,B14,D38,0,23
0.71604785323143,0,B14,B39,0,24
0.7576029747724533,0,B14,C39,0,25
0.7156724333763123,0,B14,D39,0,26
0.9250582829117775,0,B14,B40,0,27
0.882767416536808,0,B14,C40,0,28
0.9955447125248611,0,B14,D40,0,29
0.972415991127491,0,B14,B41,0,30
0.9365568459033966,0,B14,C41,0,31
0.9704095181077719,0,B14,D41,0,32
1.0344896391034126,0,B14,B45,0,33
0.9271115064620972,0,B14,C45,0,34
1.0174205750226974,0,B14,D45,0,35
0.7396865785121918,0,B14,B58,0,36
0.7455918490886688,0,B14,C58,0,37
0.7613712549209595,0,B14,D58,0,38
0.9309396296739578,0,B14,B64,0,39
0.8621416240930557,0,B14,C64,0,40
0.8777538537979126,0,B14,D64,0,41
0.9861321412026882,0,B14,B66,0,42
0.9764047265052795,0,B14,C66,0,43
0.859176903963089,0,B14,D66,0,44
0.7300924956798553,0,B14,B70,0,45
0.6991065442562103,0,B14,C70,0,46
0.8797013312578201,0,B14,D70,0,47
0.8396172374486923,0,B14,B72,0,48
0.8705580830574036,0,B14,C72,0,49
0.995050712954253,0,B14,D72,0,50
0.923514299094677,0,B14,B79,0,51
0.9292875900864601,0,B14,C79,0,52
0.9678285717964172,0,B14,D79,0,53
0.8976793140172958,0,B14,B81,0,54
0.9709626790136099,0,B14,C81,0,55
1.0096919164061546,0,B14,D81,0,56
0.9835816267877817,0,B14,B82,0,57
0.9395416118204594,0,B14,C82,0,58
1.0173056684434414,0,B14,D82,0,59
0.7852653712034225,0,B14,B85,0,60
0.880381852388382,0,B14,C85,0,61
0.7407231330871582,0,B14,D85,0,62
0.9566011689603329,0,B14,B89,0,63
0.9617011547088623,0,B14,C89,0,64
0.9677969217300415,0,B14,D89,0,65
0.9609374664723873,0,B14,B90,0,66
0.8539909422397614,0,B14,C90,0,67
0.8481664061546326,0,B14,D90,0,68
0.9189663454890251,0,B14,B93,0,69
0.997399395564571,0,B14,C93,0,70
0.9157208278775215,0,B14,D93,0,71
0.87433822453022,0,B14,B95,0,72
0.943086639046669,0,B14,C95,0,73
0.9456763938069344,0,B14,D95,0,74
0.3543354868888855,0,C14,D14,1,2
0.9707674589008093,0,C14,B16,1,3
0.9991026591742411,0,C14,C16,1,4
0.9599829167127609,0,C14,D16,1,5
0.8074747025966644,0,C14,B27,1,6
0.9193031489849091,0,C14,C27,1,7
0.8899542689323425,0,C14,D27,1,8
0.866858720779419,0,C14,B28,1,9
0.846487745642662,0,C14,C28,1,10
0.9359035640954971,0,C14,D28,1,11
1.034392274916172,0,C14,B29,1,12
1.0950682014226913,0,C14,C29,1,13
1.0443469546735287,0,C14,D29,1,14
0.8987602517008781,0,C14,B31,1,15
0.9438010528683662,0,C14,C31,1,16
0.9452028274536133,0,C14,D31,1,17
0.9785234276205301,0,C14,B32,1,18
0.9021358639001846,0,C14,C32,1,19
1.0445700138807297,0,C14,D32,1,20
0.9224207997322083,0,C14,B38,1,21
0.9182693138718605,0,C14,C38,1,22
0.9497370943427086,0,C14,D38,1,23
0.6878030002117157,0,C14,B39,1,24
0.6896442472934723,0,C14,C39,1,25
0.750018373131752,0,C14,D39,1,26
0.8919571563601494,0,C14,B40,1,27
0.812299907207489,0,C14,C40,1,28
0.9173226580023766,0,C14,D40,1,29
0.9382631070911884,0,C14,B41,1,30
0.9581071026623249,0,C14,C41,1,31
0.9467383287847042,0,C14,D41,1,32
0.9667001403868198,0,C14,B45,1,33
0.8918985277414322,0,C14,C45,1,34
0.9371597692370415,0,C14,D45,1,35
0.7465842366218567,0,C14,B58,1,36
0.7912282347679138,0,C14,C58,1,37
0.7684113830327988,0,C14,D58,1,38
0.9408348351716995,0,C14,B64,1,39
0.9105384573340416,0,C14,C64,1,40
0.8906144425272942,0,C14,D64,1,41
0.979028508067131,0,C14,B66,1,42
0.9497147016227245,0,C14,C66,1,43
0.8936916142702103,0,C14,D66,1,44
0.8217579424381256,0,C14,B70,1,45
0.9008003994822502,0,C14,C70,1,46
0.92662363499403,0,C14,D70,1,47
0.887594148516655,0,C14,B72,1,48
0.9229755699634552,0,C14,C72,1,49
0.97336221113801,0,C14,D72,1,50
0.8603211939334869,0,C14,B79,1,51
0.8476983159780502,0,C14,C79,1,52
0.8964068666100502,0,C14,D79,1,53
0.836322620511055,0,C14,B81,1,54
0.8917897716164589,0,C14,C81,1,55
0.9075635522603989,0,C14,D81,1,56
0.9961509113200009,0,C14,B82,1,57
0.9751188438385725,0,C14,C82,1,58
0.9879709891974926,0,C14,D82,1,59
0.7436489760875702,0,C14,B85,1,60
0.8414434343576431,0,C14,C85,1,61
0.7443931996822357,0,C14,D85,1,62
0.9903486333787441,0,C14,B89,1,63
1.001842817873694,0,C14,C89,1,64
1.0068605989217758,0,C14,D89,1,65
0.9927635104395449,0,C14,B90,1,66
0.9264813214540482,0,C14,C90,1,67
0.9217026829719543,0,C14,D90,1,68
0.9695315752178431,0,C14,B93,1,69
1.0160311926156282,0,C14,C93,1,70
0.9673422463238239,0,C14,D93,1,71
0.9422749914228916,0,C14,B95,1,72
0.9642755128443241,0,C14,C95,1,73
0.9713183511048555,0,C14,D95,1,74
0.8984778746962547,0,D14,B16,2,3
0.9503963962197304,0,D14,C16,2,4
0.7770380526781082,0,D14,D16,2,5
0.7575600147247314,0,D14,B27,2,6
0.9021915346384048,0,D14,C27,2,7
0.8918926194310188,0,D14,D27,2,8
0.8481817692518234,0,D14,B28,2,9
0.827769324183464,0,D14,C28,2,10
0.9391871467232704,0,D14,D28,2,11
1.0560813322663307,0,D14,B29,2,12
1.0654935464262962,0,D14,C29,2,13
1.0728399232029915,0,D14,D29,2,14
0.8558698743581772,0,D14,B31,2,15
0.9287860989570618,0,D14,C31,2,16
0.8765864446759224,0,D14,D31,2,17
0.9883596608415246,0,D14,B32,2,18
0.8280972987413406,0,D14,C32,2,19
1.0873209908604622,0,D14,D32,2,20
0.7631129622459412,0,D14,B38,2,21
0.7962953001260757,0,D14,C38,2,22
0.8696667402982712,0,D14,D38,2,23
0.5989107191562653,0,D14,B39,2,24
0.584494411945343,0,D14,C39,2,25
0.6906320452690125,0,D14,D39,2,26
0.9054601565003395,0,D14,B40,2,27
0.8747056722640991,0,D14,C40,2,28
0.9393109939992428,0,D14,D40,2,29
1.0800476893782616,0,D14,B41,2,30
1.02201322093606,0,D14,C41,2,31
1.0026998561806977,0,D14,D41,2,32
1.1180818006396294,0,D14,B45,2,33
0.9800426587462425,0,D14,C45,2,34
1.1072101593017578,0,D14,D45,2,35
0.7048741579055786,0,D14,B58,2,36
0.7706623524427414,0,D14,C58,2,37
0.7198033928871155,0,D14,D58,2,38
0.9984287255210802,0,D14,B64,2,39
0.9542446956038475,0,D14,C64,2,40
0.997729244409129,0,D14,D64,2,41
0.9323095679283142,0,D14,B66,2,42
0.9171737283468246,0,D14,C66,2,43
0.8973745554685593,0,D14,D66,2,44
0.88694017380476,0,D14,B70,2,45
0.9103811234235764,0,D14,C70,2,46
0.9645539373159409,0,D14,D70,2,47
0.894589863717556,0,D14,B72,2,48
0.8833002597093582,0,D14,C72,2,49
0.9500754177570343,0,D14,D72,2,50
0.8817293792963028,0,D14,B79,2,51
0.9312795326113701,0,D14,C79,2,52
0.8385779559612274,0,D14,D79,2,53
0.8511305898427963,0,D14,B81,2,54
0.8831003606319427,0,D14,C81,2,55
0.9494844861328602,0,D14,D81,2,56
1.0064664464443922,0,D14,B82,2,57
1.0074324561282992,0,D14,C82,2,58
1.0659138411283493,0,D14,D82,2,59
0.8174620419740677,0,D14,B85,2,60
0.8446902930736542,0,D14,C85,2,61
0.8816735371947289,0,D14,D85,2,62
1.0583366714417934,0,D14,B89,2,63
1.0648387894034386,0,D14,C89,2,64
1.0318005345761776,0,D14,D89,2,65
0.8843392357230186,0,D14,B90,2,66
0.9092907458543777,0,D14,C90,2,67
0.9015315249562263,0,D14,D90,2,68
0.9260388612747192,0,D14,B93,2,69
0.9715016689151525,0,D14,C93,2,70
0.9975651998538524,0,D14,D93,2,71
0.898602232336998,0,D14,B95,2,72
0.8775567412376404,0,D14,C95,2,73
0.8597199618816376,0,D14,D95,2,74
0.1569318175315857,0,B16,C16,3,4
0.2874465584754944,0,B16,D16,3,5
0.7819172441959381,0,B16,B27,3,6
0.7944848835468292,0,B16,C27,3,7
0.9354657754302025,0,B16,D27,3,8
0.9197069928050041,0,B16,B28,3,9
0.9020833373069763,0,B16,C28,3,10
0.9934835550375283,0,B16,D28,3,11
0.7230410873889923,0,B16,B29,3,12
0.734976053237915,0,B16,C29,3,13
0.8647876679897308,0,B16,D29,3,14
0.8352984040975571,0,B16,B31,3,15
0.919239766895771,0,B16,C31,3,16
0.9582545608282089,0,B16,D31,3,17
0.9834438096731901,0,B16,B32,3,18
0.8405867218971252,0,B16,C32,3,19
1.0472531989216805,0,B16,D32,3,20
0.9087604284286499,0,B16,B38,3,21
0.8244025707244873,0,B16,C38,3,22
0.8210086077451706,0,B16,D38,3,23
0.8851058557629585,0,B16,B39,3,24
0.8378902673721313,0,B16,C39,3,25
0.9514295794069767,0,B16,D39,3,26
0.8794120326638222,0,B16,B40,3,27
0.7570286989212036,0,B16,C40,3,28
0.9769468978047371,0,B16,D40,3,29
0.9625035598874092,0,B16,B41,3,30
0.8259376287460327,0,B16,C41,3,31
1.0032975755166262,0,B16,D41,3,32
1.0482921339571476,0,B16,B45,3,33
1.0048606377094984,0,B16,C45,3,34
0.9733156431466341,0,B16,D45,3,35
0.7860072106122971,0,B16,B58,3,36
0.8003039211034775,0,B16,C58,3,37
0.8429985344409943,0,B16,D58,3,38
0.8989458456635475,0,B16,B64,3,39
0.8374644964933395,0,B16,C64,3,40
0.8750870004296303,0,B16,D64,3,41
1.0011545417364687,0,B16,B66,3,42
1.0047361999750137,0,B16,C66,3,43
1.0372049398720264,0,B16,D66,3,44
0.8850299343466759,0,B16,B70,3,45
0.8903276547789574,0,B16,C70,3,46
0.9109657928347588,0,B16,D70,3,47
0.9346016719937325,0,B16,B72,3,48
0.9033659175038338,0,B16,C72,3,49
0.9011296480894089,0,B16,D72,3,50
0.8906438574194908,0,B16,B79,3,51
0.9624184891581535,0,B16,C79,3,52
0.8403977453708649,0,B16,D79,3,53
0.7914804667234421,0,B16,B81,3,54
0.900450237095356,0,B16,C81,3,55
0.9472706951200962,0,B16,D81,3,56
0.9272305741906166,0,B16,B82,3,57
0.8107983767986298,0,B16,C82,3,58
0.9560481645166874,0,B16,D82,3,59
0.9381477870047092,0,B16,B85,3,60
0.845429390668869,0,B16,C85,3,61
0.9596745036542416,0,B16,D85,3,62
0.9696993194520473,0,B16,B89,3,63
0.9298158660531044,0,B16,C89,3,64
0.7827999442815781,0,B16,D89,3,65
0.8816059231758118,0,B16,B90,3,66
0.8887683302164078,0,B16,C90,3,67
0.8284746259450912,0,B16,D90,3,68
0.9130604267120361,0,B16,B93,3,69
0.8824945390224457,0,B16,C93,3,70
0.8374259322881699,0,B16,D93,3,71
0.9743503965437412,0,B16,B95,3,72
0.9198348224163055,0,B16,C95,3,73
0.9789290465414524,0,B16,D95,3,74
0.3372897505760193,0,C16,D16,4,5
0.8021194785833359,0,C16,B27,4,6
0.8117324411869049,0,C16,C27,4,7
0.9187940508127213,0,C16,D27,4,8
0.8980950489640236,0,C16,B28,4,9
0.9221307784318924,0,C16,C28,4,10
0.9988554294686764,0,C16,D28,4,11
0.6538708508014679,0,C16,B29,4,12
0.6476489305496216,0,C16,C29,4,13
0.8519354611635208,0,C16,D29,4,14
0.8994060009717941,0,C16,B31,4,15
0.9410387501120567,0,C16,C31,4,16
0.9227421805262566,0,C16,D31,4,17
0.9299881681799889,0,C16,B32,4,18
0.8377290964126587,0,C16,C32,4,19
1.008748598396778,0,C16,D32,4,20
0.9405347034335136,0,C16,B38,4,21
0.79587522149086,0,C16,C38,4,22
0.8473388403654099,0,C16,D38,4,23
0.9060012325644493,0,C16,B39,4,24
0.8351299166679382,0,C16,C39,4,25
1.0070846541784704,0,C16,D39,4,26
0.8012829422950745,0,C16,B40,4,27
0.7272987067699432,0,C16,C40,4,28
0.9341031983494759,0,C16,D40,4,29
0.8642636090517044,0,C16,B41,4,30
0.7098435461521149,0,C16,C41,4,31
0.9520740732550621,0,C16,D41,4,32
0.9262177273631096,0,C16,B45,4,33
0.9083051681518555,0,C16,C45,4,34
0.8496505171060562,0,C16,D45,4,35
0.8113387376070023,0,C16,B58,4,36
0.8055831640958786,0,C16,C58,4,37
0.8194171190261841,0,C16,D58,4,38
0.7716017365455627,0,C16,B64,4,39
0.778603196144104,0,C16,C64,4,40
0.7965549230575562,0,C16,D64,4,41
0.9179325327277184,0,C16,B66,4,42
0.9640840776264668,0,C16,C66,4,43
1.0208779461681843,0,C16,D66,4,44
0.960112389177084,0,C16,B70,4,45
0.9570362493395805,0,C16,C70,4,46
0.918629840016365,0,C16,D70,4,47
0.8874976336956024,0,C16,B72,4,48
0.9271999001502991,0,C16,C72,4,49
0.8637643307447433,0,C16,D72,4,50
0.9214856699109077,0,C16,B79,4,51
0.9706148710101843,0,C16,C79,4,52
0.8925949484109879,0,C16,D79,4,53
0.8174441307783127,0,C16,B81,4,54
0.8602847903966904,0,C16,C81,4,55
0.9205982834100723,0,C16,D81,4,56
0.915788471698761,0,C16,B82,4,57
0.7543665766716003,0,C16,C82,4,58
0.9834769479930401,0,C16,D82,4,59
0.9289635941386223,0,C16,B85,4,60
0.7865626513957977,0,C16,C85,4,61
0.9873281568288803,0,C16,D85,4,62
0.9492293782532215,0,C16,B89,4,63
0.8787283450365067,0,C16,C89,4,64
0.7975748926401138,0,C16,D89,4,65
0.7951934486627579,0,C16,B90,4,66
0.7928926944732666,0,C16,C90,4,67
0.7968557775020599,0,C16,D90,4,68
0.9422454014420509,0,C16,B93,4,69
0.8323137760162354,0,C16,C93,4,70
0.8895519524812698,0,C16,D93,4,71
1.0492758825421333,0,C16,B95,4,72
0.9923473508097231,0,C16,C95,4,73
0.9739419184625149,0,C16,D95,4,74
0.8014405816793442,0,D16,B27,5,6
0.9109227210283279,0,D16,C27,5,7
0.9594987705349922,0,D16,D27,5,8
0.9777412824332714,0,D16,B28,5,9
0.9258410483598709,0,D16,C28,5,10
1.0802204459905624,0,D16,D28,5,11
0.77479687333107,0,D16,B29,5,12
0.7466644048690796,0,D16,C29,5,13
0.834829717874527,0,D16,D29,5,14
0.6639759242534637,0,D16,B31,5,15
0.7147873938083649,0,D16,C31,5,16
0.7704437226057053,0,D16,D31,5,17
0.9590625613927841,0,D16,B32,5,18
0.8048068583011627,0,D16,C32,5,19
1.0451529137790203,0,D16,D32,5,20
0.8417702317237854,0,D16,B38,5,21
0.7992663830518723,0,D16,C38,5,22
0.7818106710910797,0,D16,D38,5,23
0.7870166599750519,0,D16,B39,5,24
0.7581770867109299,0,D16,C39,5,25
0.9591410122811794,0,D16,D39,5,26
0.933195024728775,0,D16,B40,5,27
0.8451071977615356,0,D16,C40,5,28
0.9669783227145672,0,D16,D40,5,29
0.9161510691046715,0,D16,B41,5,30
0.7842183411121368,0,D16,C41,5,31
0.9088970720767975,0,D16,D41,5,32
0.9080104008316994,0,D16,B45,5,33
0.8218768984079361,0,D16,C45,5,34
0.8816698044538498,0,D16,D45,5,35
0.7859377712011337,0,D16,B58,5,36
0.7846518158912659,0,D16,C58,5,37
0.8943639323115349,0,D16,D58,5,38
0.885895274579525,0,D16,B64,5,39
0.7860790938138962,0,D16,C64,5,40
0.9060743302106857,0,D16,D64,5,41
0.9276320114731789,0,D16,B66,5,42
0.9441585913300514,0,D16,C66,5,43
1.0153054064139724,0,D16,D66,5,44
0.893919974565506,0,D16,B70,5,45
0.9268002435564995,0,D16,C70,5,46
0.9835267346352339,0,D16,D70,5,47
0.875143013894558,0,D16,B72,5,48
0.8934752121567726,0,D16,C72,5,49
0.8456001281738281,0,D16,D72,5,50
0.9872673759236932,0,D16,B79,5,51
1.060356605798006,0,D16,C79,5,52
0.87779101729393,0,D16,D79,5,53
0.8537375330924988,0,D16,B81,5,54
0.8878970444202423,0,D16,C81,5,55
0.9682049304246902,0,D16,D81,5,56
0.8648286461830139,0,D16,B82,5,57
0.8752175718545914,0,D16,C82,5,58
0.9606421813368797,0,D16,D82,5,59
0.9575598537921906,0,D16,B85,5,60
0.8610766232013702,0,D16,C85,5,61
0.9084561690688133,0,D16,D85,5,62
0.8911167979240417,0,D16,B89,5,63
0.8414508402347565,0,D16,C89,5,64
0.7749226242303848,0,D16,D89,5,65
0.8692620098590851,0,D16,B90,5,66
0.8646565526723862,0,D16,C90,5,67
0.8493237197399139,0,D16,D90,5,68
0.7933024168014526,0,D16,B93,5,69
0.7949835956096649,0,D16,C93,5,70
0.8147031515836716,0,D16,D93,5,71
0.8560367375612259,0,D16,B95,5,72
0.8031868189573288,0,D16,C95,5,73
0.8490983843803406,0,D16,D95,5,74
0.15896081924438477,0,B27,C27,6,7
0.3234013319015503,0,B27,D27,6,8
0.774116724729538,0,B27,B28,6,9
0.8936044052243233,0,B27,C28,6,10
0.9772769790142775,0,B27,D28,6,11
0.9004572853446007,0,B27,B29,6,12
0.9751135166734457,0,B27,C29,6,13
0.9655999876558781,0,B27,D29,6,14
0.7768474668264389,0,B27,B31,6,15
0.8446960151195526,0,B27,C31,6,16
0.8887511268258095,0,B27,D31,6,17
0.9667834490537643,0,B27,B32,6,18
0.8160077780485153,0,B27,C32,6,19
1.0058997124433517,0,B27,D32,6,20
0.709966629743576,0,B27,B38,6,21
0.802295058965683,0,B27,C38,6,22
0.7666498422622681,0,B27,D38,6,23
0.60964235663414,0,B27,B39,6,24
0.6686250865459442,0,B27,C39,6,25
0.761594757437706,0,B27,D39,6,26
0.911890059709549,0,B27,B40,6,27
0.8596601635217667,0,B27,C40,6,28
0.9666054360568523,0,B27,D40,6,29
1.0065393089316785,0,B27,B41,6,30
0.8914641365408897,0,B27,C41,6,31
0.9350171834230423,0,B27,D41,6,32
1.0253611765801907,0,B27,B45,6,33
0.9859057916328311,0,B27,C45,6,34
1.0140537293627858,0,B27,D45,6,35
0.5936128497123718,0,B27,B58,6,36
0.6583521664142609,0,B27,C58,6,37
0.7216108739376068,0,B27,D58,6,38
1.0480969548225403,0,B27,B64,6,39
1.124486580491066,0,B27,C64,6,40
1.0337255150079727,0,B27,D64,6,41
0.8714947551488876,0,B27,B66,6,42
0.9085193499922752,0,B27,C66,6,43
0.8718638569116592,0,B27,D66,6,44
0.8551699966192245,0,B27,B70,6,45
0.8654158711433411,0,B27,C70,6,46
0.8402737677097321,0,B27,D70,6,47
0.8781665116548538,0,B27,B72,6,48
0.9319843426346779,0,B27,C72,6,49
0.9487074092030525,0,B27,D72,6,50
0.8732767552137375,0,B27,B79,6,51
0.8356613665819168,0,B27,C79,6,52
0.7933047860860825,0,B27,D79,6,53
0.8584758788347244,0,B27,B81,6,54
0.8291279673576355,0,B27,C81,6,55
1.0427021570503712,0,B27,D81,6,56
0.8984632343053818,0,B27,B82,6,57
0.9340836256742477,0,B27,C82,6,58
1.0614248737692833,0,B27,D82,6,59
0.9827330708503723,0,B27,B85,6,60
0.9328589662909508,0,B27,C85,6,61
0.9176189377903938,0,B27,D85,6,62
0.8909884169697762,0,B27,B89,6,63
0.9893129086121917,0,B27,C89,6,64
0.88308896869421,0,B27,D89,6,65
0.968611553311348,0,B27,B90,6,66
0.9829391948878765,0,B27,C90,6,67
0.8969589844346046,0,B27,D90,6,68
0.8448525816202164,0,B27,B93,6,69
0.8413255214691162,0,B27,C93,6,70
0.9791013523936272,0,B27,D93,6,71
0.8187184631824493,0,B27,B95,6,72
0.7326265275478363,0,B27,C95,6,73
0.9783132486045361,0,B27,D95,6,74
0.28696686029434204,0,C27,D27,7,8
0.7568071931600571,0,C27,B28,7,9
0.8841176778078079,0,C27,C28,7,10
0.9716003201901913,0,C27,D28,7,11
0.9109774827957153,0,C27,B29,7,12
1.0089066261425614,0,C27,C29,7,13
0.9908421086147428,0,C27,D29,7,14
0.8673814684152603,0,C27,B31,7,15
0.975812179967761,0,C27,C31,7,16
0.9559877142310143,0,C27,D31,7,17
0.9536330327391624,0,C27,B32,7,18
0.8274785131216049,0,C27,C32,7,19
0.9921367345377803,0,C27,D32,7,20
0.7257095277309418,0,C27,B38,7,21
0.7601334303617477,0,C27,C38,7,22
0.7776984572410583,0,C27,D38,7,23
0.8110368400812149,0,C27,B39,7,24
0.8419613987207413,0,C27,C39,7,25
0.8545234799385071,0,C27,D39,7,26
0.9129078686237335,0,C27,B40,7,27
0.8643593937158585,0,C27,C40,7,28
0.9436540082097054,0,C27,D40,7,29
1.0119848595932126,0,C27,B41,7,30
0.9203484728932381,0,C27,C41,7,31
0.9930186946876347,0,C27,D41,7,32
1.0545781515538692,0,C27,B45,7,33
1.045218002051115,0,C27,C45,7,34
0.9928109291940928,0,C27,D45,7,35
0.703488290309906,0,C27,B58,7,36
0.7476542592048645,0,C27,C58,7,37
0.7629489302635193,0,C27,D58,7,38
1.0634507462382317,0,C27,B64,7,39
1.129802629351616,0,C27,C64,7,40
1.0183703731745481,0,C27,D64,7,41
0.8545602113008499,0,C27,B66,7,42
0.8890575915575027,0,C27,C66,7,43
0.9098753184080124,0,C27,D66,7,44
0.916072279214859,0,C27,B70,7,45
0.9138282760977745,0,C27,C70,7,46
0.8893228769302368,0,C27,D70,7,47
0.950393795967102,0,C27,B72,7,48
0.9676577262580395,0,C27,C72,7,49
1.011821884661913,0,C27,D72,7,50
0.8987612053751945,0,C27,B79,7,51
0.854399636387825,0,C27,C79,7,52
0.8828684985637665,0,C27,D79,7,53
0.8902234137058258,0,C27,B81,7,54
0.8907951340079308,0,C27,C81,7,55
1.035910502076149,0,C27,D81,7,56
0.9632427990436554,0,C27,B82,7,57
0.8921830281615257,0,C27,C82,7,58
1.0345644988119602,0,C27,D82,7,59
1.0410112142562866,0,C27,B85,7,60
0.9441469348967075,0,C27,C85,7,61
0.9876560950651765,0,C27,D85,7,62
0.9200142696499825,0,C27,B89,7,63
0.997116639977321,0,C27,C89,7,64
0.8825895264744759,0,C27,D89,7,65
1.0557021647691727,0,C27,B90,7,66
1.04715958237648,0,C27,C90,7,67
0.9660606496036053,0,C27,D90,7,68
0.9128587692975998,0,C27,B93,7,69
0.8868681341409683,0,C27,C93,7,70
0.984120374545455,0,C27,D93,7,71
0.8577810972929001,0,C27,B95,7,72
0.8173087388277054,0,C27,C95,7,73
0.9676517061889172,0,C27,D95,7,74
0.8195891082286835,0,D27,B28,8,9
0.9060550779104233,0,D27,C28,8,10
0.9869991531595588,0,D27,D28,8,11
1.0319742485880852,0,D27,B29,8,12
1.1003631055355072,0,D27,C29,8,13
1.0006534407148138,0,D27,D29,8,14
0.9520729780197144,0,D27,B31,8,15
0.9525309093296528,0,D27,C31,8,16
1.0359273701906204,0,D27,D31,8,17
1.0791653841733932,0,D27,B32,8,18
0.9996156619745307,0,D27,C32,8,19
1.0276533979922533,0,D27,D32,8,20
0.7786328345537186,0,D27,B38,8,21
0.8637826591730118,0,D27,C38,8,22
0.8165858387947083,0,D27,D38,8,23
0.788096010684967,0,D27,B39,8,24
0.8963087946176529,0,D27,C39,8,25
0.7291004359722137,0,D27,D39,8,26
0.9521070942282677,0,D27,B40,8,27
0.9151911064982414,0,D27,C40,8,28
1.049277625977993,0,D27,D40,8,29
1.0434523895382881,0,D27,B41,8,30
1.047814354300499,0,D27,C41,8,31
0.9301193729043007,0,D27,D41,8,32
1.1149910315871239,0,D27,B45,8,33
1.0836707055568695,0,D27,C45,8,34
1.0746891722083092,0,D27,D45,8,35
0.6888827085494995,0,D27,B58,8,36
0.6816051304340363,0,D27,C58,8,37
0.7835658490657806,0,D27,D58,8,38
1.0662637874484062,0,D27,B64,8,39
1.161046326160431,0,D27,C64,8,40
0.9912467384710908,0,D27,D64,8,41
1.0128278750926256,0,D27,B66,8,42
1.0043042432516813,0,D27,C66,8,43
0.9121895581483841,0,D27,D66,8,44
0.878115139901638,0,D27,B70,8,45
0.8226002603769302,0,D27,C70,8,46
0.9307331293821335,0,D27,D70,8,47
0.8541409373283386,0,D27,B72,8,48
0.8522806316614151,0,D27,C72,8,49
0.8464823365211487,0,D27,D72,8,50
0.8537189960479736,0,D27,B79,8,51
0.7932357937097549,0,D27,C79,8,52
0.8865432888269424,0,D27,D79,8,53
0.9435538128018379,0,D27,B81,8,54
0.9581242799758911,0,D27,C81,8,55
1.0187591202557087,0,D27,D81,8,56
0.9733744971454144,0,D27,B82,8,57
0.9549618810415268,0,D27,C82,8,58
1.018834363669157,0,D27,D82,8,59
0.9770081862807274,0,D27,B85,8,60
0.9483403228223324,0,D27,C85,8,61
0.901122972369194,0,D27,D85,8,62
1.0820759385824203,0,D27,B89,8,63
1.107114128768444,0,D27,C89,8,64
1.0362523421645164,0,D27,D89,8,65
1.037980243563652,0,D27,B90,8,66
1.0484269261360168,0,D27,C90,8,67
0.9798684231936932,0,D27,D90,8,68
0.8976788744330406,0,D27,B93,8,69
0.9304840713739395,0,D27,C93,8,70
0.9967441917397082,0,D27,D93,8,71
0.8915420845150948,0,D27,B95,8,72
0.8225818574428558,0,D27,C95,8,73
0.9896289398893714,0,D27,D95,8,74
0.2244003415107727,0,B28,C28,9,10
0.3738595247268677,0,B28,D28,9,11
0.8606099039316177,0,B28,B29,9,12
0.9458600617945194,0,B28,C29,9,13
0.9502257332205772,0,B28,D29,9,14
0.9707728959619999,0,B28,B31,9,15
0.9540053978562355,0,B28,C31,9,16
0.9296579584479332,0,B28,D31,9,17
1.0040167565457523,0,B28,B32,9,18
0.9625127650797367,0,B28,C32,9,19
0.9563116692006588,0,B28,D32,9,20
0.9119132459163666,0,B28,B38,9,21
0.8215266466140747,0,B28,C38,9,22
0.7985852807760239,0,B28,D38,9,23
0.8990447521209717,0,B28,B39,9,24
0.8739374577999115,0,B28,C39,9,25
0.920058012008667,0,B28,D39,9,26
0.8170122355222702,0,B28,B40,9,27
0.766777515411377,0,B28,C40,9,28
0.9053078666329384,0,B28,D40,9,29
0.9342086538672447,0,B28,B41,9,30
0.7954017221927643,0,B28,C41,9,31
0.8715272694826126,0,B28,D41,9,32
0.9287092536687851,0,B28,B45,9,33
0.8697699904441833,0,B28,C45,9,34
0.9336082860827446,0,B28,D45,9,35
0.7693125009536743,0,B28,B58,9,36
0.8068217784166336,0,B28,C58,9,37
0.7290767133235931,0,B28,D58,9,38
0.7918165773153305,0,B28,B64,9,39
0.835689902305603,0,B28,C64,9,40
0.8541902750730515,0,B28,D64,9,41
0.8015292435884476,0,B28,B66,9,42
0.783874049782753,0,B28,C66,9,43
0.752235472202301,0,B28,D66,9,44
0.8950114697217941,0,B28,B70,9,45
1.031107960268855,0,B28,C70,9,46
0.8699025362730026,0,B28,D70,9,47
0.807568371295929,0,B28,B72,9,48
0.8434479683637619,0,B28,C72,9,49
0.8713992983102798,0,B28,D72,9,50
0.8814680874347687,0,B28,B79,9,51
0.8536293506622314,0,B28,C79,9,52
0.9401337951421738,0,B28,D79,9,53
0.8414203822612762,0,B28,B81,9,54
0.7582814693450928,0,B28,C81,9,55
0.9039216339588165,0,B28,D81,9,56
0.8696064800024033,0,B28,B82,9,57
0.8279118686914444,0,B28,C82,9,58
0.8674305528402328,0,B28,D82,9,59
0.7909239828586578,0,B28,B85,9,60
0.7933744043111801,0,B28,C85,9,61
0.8412486761808395,0,B28,D85,9,62
0.968505997210741,0,B28,B89,9,63
0.894731380045414,0,B28,C89,9,64
0.8604863286018372,0,B28,D89,9,65
0.9879676373675466,0,B28,B90,9,66
0.9340202361345291,0,B28,C90,9,67
1.0124048190191388,0,B28,D90,9,68
0.8707993626594543,0,B28,B93,9,69
0.8314467519521713,0,B28,C93,9,70
0.8845342919230461,0,B28,D93,9,71
0.9598922654986382,0,B28,B95,9,72
0.9001093730330467,0,B28,C95,9,73
0.9537147991359234,0,B28,D95,9,74
0.38775211572647095,0,C28,D28,10,11
0.8757270202040672,0,C28,B29,10,12
0.986801452934742,0,C28,C29,10,13
0.9489555954933167,0,C28,D29,10,14
0.9415512531995773,0,C28,B31,10,15
0.9228629916906357,0,C28,C31,10,16
0.9745361767709255,0,C28,D31,10,17
1.0348845086991787,0,C28,B32,10,18
0.9976913304999471,0,C28,C32,10,19
0.9966698724310845,0,C28,D32,10,20
0.9731172304600477,0,C28,B38,10,21
0.9025638625025749,0,C28,C38,10,22
0.798811212182045,0,C28,D38,10,23
0.9332124143838882,0,C28,B39,10,24
0.9163303822278976,0,C28,C39,10,25
0.942512471228838,0,C28,D39,10,26
0.8856354579329491,0,C28,B40,10,27
0.8497750610113144,0,C28,C40,10,28
1.037525299936533,0,C28,D40,10,29
0.9812371265143156,0,C28,B41,10,30
0.8935207575559616,0,C28,C41,10,31
0.9240750893950462,0,C28,D41,10,32
0.9343019723892212,0,C28,B45,10,33
0.8861654102802277,0,C28,C45,10,34
0.9837971422821283,0,C28,D45,10,35
0.7792074084281921,0,C28,B58,10,36
0.7810053527355194,0,C28,C58,10,37
0.7924495041370392,0,C28,D58,10,38
0.7745175063610077,0,C28,B64,10,39
0.7917845398187637,0,C28,C64,10,40
0.7941552996635437,0,C28,D64,10,41
0.878831073641777,0,C28,B66,10,42
0.8695058822631836,0,C28,C66,10,43
0.7560045421123505,0,C28,D66,10,44
0.8754865825176239,0,C28,B70,10,45
0.974687147885561,0,C28,C70,10,46
0.9297448471188545,0,C28,D70,10,47
0.8312364816665649,0,C28,B72,10,48
0.8063239306211472,0,C28,C72,10,49
0.8740979582071304,0,C28,D72,10,50
0.9238312765955925,0,C28,B79,10,51
0.9556790590286255,0,C28,C79,10,52
0.8996347561478615,0,C28,D79,10,53
0.8649095892906189,0,C28,B81,10,54
0.7898279875516891,0,C28,C81,10,55
0.8730141967535019,0,C28,D81,10,56
0.8913340494036674,0,C28,B82,10,57
0.858139157295227,0,C28,C82,10,58
0.9045787379145622,0,C28,D82,10,59
0.8160995841026306,0,C28,B85,10,60
0.8021799027919769,0,C28,C85,10,61
0.8254192620515823,0,C28,D85,10,62
1.0376004539430141,0,C28,B89,10,63
0.9920882834121585,0,C28,C89,10,64
0.9349802061915398,0,C28,D89,10,65
1.0244226139038801,0,C28,B90,10,66
0.9412221796810627,0,C28,C90,10,67
0.9837043955922127,0,C28,D90,10,68
0.912418507039547,0,C28,B93,10,69
0.9103580638766289,0,C28,C93,10,70
0.88334921002388,0,C28,D93,10,71
0.904157891869545,0,C28,B95,10,72
0.8317070603370667,0,C28,C95,10,73
0.9129059985280037,0,C28,D95,10,74
0.9310380071401596,0,D28,B29,11,12
0.9768843334168196,0,D28,C29,11,13
0.9939323668368161,0,D28,D29,11,14
1.1105741038918495,0,D28,B31,11,15
1.0423875264823437,0,D28,C31,11,16
1.074346974492073,0,D28,D31,11,17
1.0539706163108349,0,D28,B32,11,18
1.0235236212611198,0,D28,C32,11,19
0.9157153591513634,0,D28,D32,11,20
1.0516934022307396,0,D28,B38,11,21
0.923196479678154,0,D28,C38,11,22
0.9550728648900986,0,D28,D38,11,23
0.960126481950283,0,D28,B39,11,24
0.9061527103185654,0,D28,C39,11,25
0.9917324166744947,0,D28,D39,11,26
0.8264453262090683,0,D28,B40,11,27
0.8471315056085587,0,D28,C40,11,28
0.8900586515665054,0,D28,D40,11,29
0.9062392935156822,0,D28,B41,11,30
0.8499702513217926,0,D28,C41,11,31
0.8628387302160263,0,D28,D41,11,32
0.9289441406726837,0,D28,B45,11,33
0.9154693484306335,0,D28,C45,11,34
0.9479372389614582,0,D28,D45,11,35
0.98249751329422,0,D28,B58,11,36
0.8974113389849663,0,D28,C58,11,37
0.9075722843408585,0,D28,D58,11,38
0.8283789604902267,0,D28,B64,11,39
0.8617147356271744,0,D28,C64,11,40
0.8940167352557182,0,D28,D64,11,41
0.8742687702178955,0,D28,B66,11,42
0.8473700731992722,0,D28,C66,11,43
0.8398517072200775,0,D28,D66,11,44
0.8799410313367844,0,D28,B70,11,45
1.0279853865504265,0,D28,C70,11,46
0.9523030407726765,0,D28,D70,11,47
0.9215309470891953,0,D28,B72,11,48
0.931466668844223,0,D28,C72,11,49
0.9918148182332516,0,D28,D72,11,50
0.9266602471470833,0,D28,B79,11,51
0.9020920917391777,0,D28,C79,11,52
0.9449914135038853,0,D28,D79,11,53
0.9366620257496834,0,D28,B81,11,54
0.8218338489532471,0,D28,C81,11,55
0.8414357155561447,0,D28,D81,11,56
0.9122340455651283,0,D28,B82,11,57
0.8863322138786316,0,D28,C82,11,58
0.861819863319397,0,D28,D82,11,59
0.688532680273056,0,D28,B85,11,60
0.7471924424171448,0,D28,C85,11,61
0.8205791264772415,0,D28,D85,11,62
1.0039126155897975,0,D28,B89,11,63
0.9425036795437336,0,D28,C89,11,64
0.9189547970890999,0,D28,D89,11,65
0.9863686338067055,0,D28,B90,11,66
1.0172623805701733,0,D28,C90,11,67
1.0114996442571282,0,D28,D90,11,68
0.7986802607774734,0,D28,B93,11,69
0.8123208433389664,0,D28,C93,11,70
0.8607197403907776,0,D28,D93,11,71
1.006850901991129,0,D28,B95,11,72
1.0091782370582223,0,D28,C95,11,73
0.9859545715153217,0,D28,D95,11,74
0.20514917373657227,0,B29,C29,12,13
0.36953723430633545,0,B29,D29,12,14
1.008471317589283,0,B29,B31,12,15
1.0033649504184723,0,B29,C31,12,16
0.9931568228639662,0,B29,D31,12,17
0.7274070978164673,0,B29,B32,12,18
0.8003753423690796,0,B29,C32,12,19
0.9525558613240719,0,B29,D32,12,20
0.8290004581212997,0,B29,B38,12,21
0.8669571578502655,0,B29,C38,12,22
0.8904546424746513,0,B29,D38,12,23
0.9354031160473824,0,B29,B39,12,24
0.8893396109342575,0,B29,C39,12,25
1.0149051193147898,0,B29,D39,12,26
0.8055756092071533,0,B29,B40,12,27
0.7572395205497742,0,B29,C40,12,28
0.7522184699773788,0,B29,D40,12,29
0.8598715662956238,0,B29,B41,12,30
0.7451012134552002,0,B29,C41,12,31
0.8666036427021027,0,B29,D41,12,32
0.8175899088382721,0,B29,B45,12,33
0.8397529870271683,0,B29,C45,12,34
0.8702360987663269,0,B29,D45,12,35
0.8610689640045166,0,B29,B58,12,36
0.8558468371629715,0,B29,C58,12,37
0.8096735030412674,0,B29,D58,12,38
0.8499754816293716,0,B29,B64,12,39
0.8735590279102325,0,B29,C64,12,40
0.9161820188164711,0,B29,D64,12,41
0.8649145215749741,0,B29,B66,12,42
0.861823707818985,0,B29,C66,12,43
0.8997921794652939,0,B29,D66,12,44
0.8591673225164413,0,B29,B70,12,45
0.893575444817543,0,B29,C70,12,46
0.8007697910070419,0,B29,D70,12,47
0.9381060115993023,0,B29,B72,12,48
1.013282686471939,0,B29,C72,12,49
0.9466284550726414,0,B29,D72,12,50
0.8138890564441681,0,B29,B79,12,51
0.812323272228241,0,B29,C79,12,52
0.7449840009212494,0,B29,D79,12,53
0.8517226576805115,0,B29,B81,12,54
0.8479214459657669,0,B29,C81,12,55
0.7967709004878998,0,B29,D81,12,56
0.7970632165670395,0,B29,B82,12,57
0.7379597425460815,0,B29,C82,12,58
0.8822822719812393,0,B29,D82,12,59
0.9345262870192528,0,B29,B85,12,60
0.8838461935520172,0,B29,C85,12,61
0.9607776403427124,0,B29,D85,12,62
0.8732939213514328,0,B29,B89,12,63
0.7504862993955612,0,B29,C89,12,64
0.8111355304718018,0,B29,D89,12,65
0.906195379793644,0,B29,B90,12,66
0.8122548162937164,0,B29,C90,12,67
0.8389590680599213,0,B29,D90,12,68
0.9544008895754814,0,B29,B93,12,69
0.8581329882144928,0,B29,C93,12,70
1.0015558617888018,0,B29,D93,12,71
1.0216921903192997,0,B29,B95,12,72
1.020399570465088,0,B29,C95,12,73
0.9892169637605548,0,B29,D95,12,74
0.4191298484802246,0,C29,D29,13,14
0.9848347809165716,0,C29,B31,13,15
0.9575431980192661,0,C29,C31,13,16
0.9139398261904716,0,C29,D31,13,17
0.6556578576564789,0,C29,B32,13,18
0.7582517266273499,0,C29,C32,13,19
0.8738318532705307,0,C29,D32,13,20
0.83774533867836,0,C29,B38,13,21
0.9456136487424374,0,C29,C38,13,22
0.9533132389187813,0,C29,D38,13,23
0.9513736516237259,0,C29,B39,13,24
0.9151035472750664,0,C29,C39,13,25
1.0546871200203896,0,C29,D39,13,26
0.8506965786218643,0,C29,B40,13,27
0.7939364612102509,0,C29,C40,13,28
0.8027502000331879,0,C29,D40,13,29
0.8113023042678833,0,C29,B41,13,30
0.7422354817390442,0,C29,C41,13,31
0.7904748022556305,0,C29,D41,13,32
0.8145599365234375,0,C29,B45,13,33
0.8346720784902573,0,C29,C45,13,34
0.8924496844410896,0,C29,D45,13,35
0.9164100736379623,0,C29,B58,13,36
0.9131295680999756,0,C29,C58,13,37
0.8747687637805939,0,C29,D58,13,38
0.8394816964864731,0,C29,B64,13,39
0.8731406033039093,0,C29,C64,13,40
0.9536891914904118,0,C29,D64,13,41
0.9142701998353004,0,C29,B66,13,42
0.9010648131370544,0,C29,C66,13,43
0.9140519052743912,0,C29,D66,13,44
0.9290476068854332,0,C29,B70,13,45
0.9106906875967979,0,C29,C70,13,46
0.9369658529758453,0,C29,D70,13,47
0.9375477470457554,0,C29,B72,13,48
1.0033276975154877,0,C29,C72,13,49
0.9774802401661873,0,C29,D72,13,50
0.8727232366800308,0,C29,B79,13,51
0.8717178553342819,0,C29,C79,13,52
0.7723857462406158,0,C29,D79,13,53
0.8061144202947617,0,C29,B81,13,54
0.7940564602613449,0,C29,C81,13,55
0.6733279228210449,0,C29,D81,13,56
0.8466903120279312,0,C29,B82,13,57
0.7992776781320572,0,C29,C82,13,58
0.9017539620399475,0,C29,D82,13,59
1.0382330231368542,0,C29,B85,13,60
0.9276907742023468,0,C29,C85,13,61
1.018879059702158,0,C29,D85,13,62
0.8645426332950592,0,C29,B89,13,63
0.7154232859611511,0,C29,C89,13,64
0.8408612012863159,0,C29,D89,13,65
0.7392003834247589,0,C29,B90,13,66
0.6786661446094513,0,C29,C90,13,67
0.7798408716917038,0,C29,D90,13,68
0.9084176421165466,0,C29,B93,13,69
0.832539290189743,0,C29,C93,13,70
0.9141427874565125,0,C29,D93,13,71
1.0336242653429508,0,C29,B95,13,72
1.0547251030802727,0,C29,C95,13,73
0.9602467454969883,0,C29,D95,13,74
0.9736414887011051,0,D29,B31,14,15
0.9311350733041763,0,D29,C31,14,16
1.0318854823708534,0,D29,D31,14,17
0.8727946877479553,0,D29,B32,14,18
0.9047772437334061,0,D29,C32,14,19
0.9625302590429783,0,D29,D32,14,20
0.8345430940389633,0,D29,B38,14,21
0.8982512876391411,0,D29,C38,14,22
0.8396511673927307,0,D29,D38,14,23
0.9391797110438347,0,D29,B39,14,24
0.9170249328017235,0,D29,C39,14,25
0.9912621015682817,0,D29,D39,14,26
0.8729923665523529,0,D29,B40,14,27
0.8934242650866508,0,D29,C40,14,28
0.8656810373067856,0,D29,D40,14,29
0.7492047250270844,0,D29,B41,14,30
0.7591531872749329,0,D29,C41,14,31
0.749501645565033,0,D29,D41,14,32
0.8009065985679626,0,D29,B45,14,33
0.7305368185043335,0,D29,C45,14,34
0.9320900663733482,0,D29,D45,14,35
0.880633607506752,0,D29,B58,14,36
0.8859009742736816,0,D29,C58,14,37
0.9118720591068268,0,D29,D58,14,38
0.9012700617313385,0,D29,B64,14,39
0.8957072198390961,0,D29,C64,14,40
0.9021889641880989,0,D29,D64,14,41
0.9098721891641617,0,D29,B66,14,42
0.9007780477404594,0,D29,C66,14,43
0.9643744975328445,0,D29,D66,14,44
0.8019779771566391,0,D29,B70,14,45
0.8913836479187012,0,D29,C70,14,46
0.7519128024578094,0,D29,D70,14,47
0.9278130009770393,0,D29,B72,14,48
0.9646229594945908,0,D29,C72,14,49
0.8939748629927635,0,D29,D72,14,50
0.8227848261594772,0,D29,B79,14,51
0.7922805398702621,0,D29,C79,14,52
0.763317197561264,0,D29,D79,14,53
0.9059778824448586,0,D29,B81,14,54
0.8685747683048248,0,D29,C81,14,55
0.7661417126655579,0,D29,D81,14,56
0.75911745429039,0,D29,B82,14,57
0.8405081927776337,0,D29,C82,14,58
0.8780197724699974,0,D29,D82,14,59
0.9079490602016449,0,D29,B85,14,60
0.9125638529658318,0,D29,C85,14,61
0.9342260435223579,0,D29,D85,14,62
0.8625486791133881,0,D29,B89,14,63
0.8331461250782013,0,D29,C89,14,64
0.841419517993927,0,D29,D89,14,65
0.8657545447349548,0,D29,B90,14,66
0.8171582669019699,0,D29,C90,14,67
0.8379022032022476,0,D29,D90,14,68
0.9576501809060574,0,D29,B93,14,69
0.89260383695364,0,D29,C93,14,70
0.9802800249308348,0,D29,D93,14,71
0.9834570810198784,0,D29,B95,14,72
1.0122495805844665,0,D29,C95,14,73
1.024610299617052,0,D29,D95,14,74
0.21635586023330688,0,B31,C31,15,16
0.38205021619796753,0,B31,D31,15,17
0.9624622948467731,0,B31,B32,15,18
0.8430818915367126,0,B31,C32,15,19
1.0663226395845413,0,B31,D32,15,20
0.8674548268318176,0,B31,B38,15,21
0.8842437565326691,0,B31,C38,15,22
0.792469322681427,0,B31,D38,15,23
0.8150382041931152,0,B31,B39,15,24
0.8339830785989761,0,B31,C39,15,25
0.9315830394625664,0,B31,D39,15,26
1.0938388407230377,0,B31,B40,15,27
1.0817506536841393,0,B31,C40,15,28
1.1579696387052536,0,B31,D40,15,29
0.9831593483686447,0,B31,B41,15,30
0.867765411734581,0,B31,C41,15,31
0.9333763271570206,0,B31,D41,15,32
0.98986257892102,0,B31,B45,15,33
0.8350464403629303,0,B31,C45,15,34
0.9707033392041922,0,B31,D45,15,35
0.8294781446456909,0,B31,B58,15,36
0.9082290604710579,0,B31,C58,15,37
0.9324693977832794,0,B31,D58,15,38
0.9352096393704414,0,B31,B64,15,39
0.8793197125196457,0,B31,C64,15,40
0.9347966909408569,0,B31,D64,15,41
0.8687000870704651,0,B31,B66,15,42
0.8921143785119057,0,B31,C66,15,43
0.886428952217102,0,B31,D66,15,44
0.9142203852534294,0,B31,B70,15,45
0.8644068241119385,0,B31,C70,15,46
0.9770667944103479,0,B31,D70,15,47
0.913611002266407,0,B31,B72,15,48
0.8965006098151207,0,B31,C72,15,49
0.9115888178348541,0,B31,D72,15,50
1.0588146708905697,0,B31,B79,15,51
1.113774597644806,0,B31,C79,15,52
0.9159693792462349,0,B31,D79,15,53
0.8638633042573929,0,B31,B81,15,54
0.8754213377833366,0,B31,C81,15,55
0.9923013700172305,0,B31,D81,15,56
0.8565289974212646,0,B31,B82,15,57
0.8691622167825699,0,B31,C82,15,58
0.9190774112939835,0,B31,D82,15,59
1.0328943617641926,0,B31,B85,15,60
0.9821114744991064,0,B31,C85,15,61
0.8856283947825432,0,B31,D85,15,62
0.8396618515253067,0,B31,B89,15,63
0.8401444852352142,0,B31,C89,15,64
0.8478813767433167,0,B31,D89,15,65
0.9014218896627426,0,B31,B90,15,66
0.9269570261240005,0,B31,C90,15,67
0.9449765868484974,0,B31,D90,15,68
0.7632413655519485,0,B31,B93,15,69
0.7424825131893158,0,B31,C93,15,70
0.8191651999950409,0,B31,D93,15,71
0.6835860908031464,0,B31,B95,15,72
0.7059472501277924,0,B31,C95,15,73
0.8731275051832199,0,B31,D95,15,74
0.4070688486099243,0,C31,D31,16,17
0.944431759417057,0,C31,B32,16,18
0.8776165917515755,0,C31,C32,16,19
1.0315425358712673,0,C31,D32,16,20
0.9255003780126572,0,C31,B38,16,21
0.9283931627869606,0,C31,C38,16,22
0.8894369676709175,0,C31,D38,16,23
0.8462547659873962,0,C31,B39,16,24
0.9057927578687668,0,C31,C39,16,25
0.927006870508194,0,C31,D39,16,26
1.0636940449476242,0,C31,B40,16,27
1.0509564504027367,0,C31,C40,16,28
1.0769194215536118,0,C31,D40,16,29
1.001243254286237,0,C31,B41,16,30
0.899512529373169,0,C31,C41,16,31
0.9153556898236275,0,C31,D41,16,32
0.9610407240688801,0,C31,B45,16,33
0.8148902207612991,0,C31,C45,16,34
1.008414788171649,0,C31,D45,16,35
0.9127604067325592,0,C31,B58,16,36
0.9633591137826443,0,C31,C58,16,37
0.9772891998291016,0,C31,D58,16,38
0.9261456578969955,0,C31,B64,16,39
0.9009788259863853,0,C31,C64,16,40
0.9540587514638901,0,C31,D64,16,41
0.875857800245285,0,C31,B66,16,42
0.9190186858177185,0,C31,C66,16,43
0.9329851716756821,0,C31,D66,16,44
0.8123695254325867,0,C31,B70,16,45
0.8013736605644226,0,C31,C70,16,46
0.9373511895537376,0,C31,D70,16,47
0.9388960227370262,0,C31,B72,16,48
0.9597061425447464,0,C31,C72,16,49
0.8610071986913681,0,C31,D72,16,50
1.043567020446062,0,C31,B79,16,51
1.07927767932415,0,C31,C79,16,52
0.9104833379387856,0,C31,D79,16,53
0.8854132294654846,0,C31,B81,16,54
0.8996660262346268,0,C31,C81,16,55
1.044369112700224,0,C31,D81,16,56
0.8673121333122253,0,C31,B82,16,57
0.940330296754837,0,C31,C82,16,58
0.9295274615287781,0,C31,D82,16,59
1.0574620254337788,0,C31,B85,16,60
1.0046245618723333,0,C31,C85,16,61
0.9390902481973171,0,C31,D85,16,62
0.9228579476475716,0,C31,B89,16,63
0.8712311536073685,0,C31,C89,16,64
0.9029265344142914,0,C31,D89,16,65
0.8885716795921326,0,C31,B90,16,66
0.8744966238737106,0,C31,C90,16,67
0.9284803345799446,0,C31,D90,16,68
0.7381067872047424,0,C31,B93,16,69
0.7659398466348648,0,C31,C93,16,70
0.8273414671421051,0,C31,D93,16,71
0.7689336985349655,0,C31,B95,16,72
0.8006725013256073,0,C31,C95,16,73
0.8929763659834862,0,C31,D95,16,74
0.9196344241499901,0,D31,B32,17,18
0.8318158686161041,0,D31,C32,17,19
1.10608571767807,0,D31,D32,17,20
0.8941747546195984,0,D31,B38,17,21
0.894469179213047,0,D31,C38,17,22
0.8909825384616852,0,D31,D38,17,23
0.817719966173172,0,D31,B39,17,24
0.8187059909105301,0,D31,C39,17,25
0.9133570343255997,0,D31,D39,17,26
1.059558354318142,0,D31,B40,17,27
1.0921326577663422,0,D31,C40,17,28
1.0658031105995178,0,D31,D40,17,29
1.0202478673309088,0,D31,B41,17,30
0.9052994921803474,0,D31,C41,17,31
0.9303326606750488,0,D31,D41,17,32
0.8788751289248466,0,D31,B45,17,33
0.8082576096057892,0,D31,C45,17,34
0.8727205991744995,0,D31,D45,17,35
0.9614730253815651,0,D31,B58,17,36
1.0110213235020638,0,D31,C58,17,37
0.9601109586656094,0,D31,D58,17,38
0.8181934356689453,0,D31,B64,17,39
0.8218367397785187,0,D31,C64,17,40
0.935330718755722,0,D31,D64,17,41
0.9135323539376259,0,D31,B66,17,42
0.9132391959428787,0,D31,C66,17,43
0.8875271305441856,0,D31,D66,17,44
0.990951974876225,0,D31,B70,17,45
0.9611543603241444,0,D31,C70,17,46
1.03092909604311,0,D31,D70,17,47
1.0130259860306978,0,D31,B72,17,48
1.0284363087266684,0,D31,C72,17,49
0.9672463536262512,0,D31,D72,17,50
0.9709444418549538,0,D31,B79,17,51
1.0659674108028412,0,D31,C79,17,52
0.9317002892494202,0,D31,D79,17,53
0.8537299036979675,0,D31,B81,17,54
0.8291086554527283,0,D31,C81,17,55
0.9397519342601299,0,D31,D81,17,56
0.928136944770813,0,D31,B82,17,57
0.9130354076623917,0,D31,C82,17,58
0.9515267536044121,0,D31,D82,17,59
1.048103217035532,0,D31,B85,17,60
1.0060336752794683,0,D31,C85,17,61
0.9522254392504692,0,D31,D85,17,62
0.832631841301918,0,D31,B89,17,63
0.7477925419807434,0,D31,C89,17,64
0.8602454513311386,0,D31,D89,17,65
0.888137012720108,0,D31,B90,17,66
0.890343613922596,0,D31,C90,17,67
0.9689038600772619,0,D31,D90,17,68
0.8579187989234924,0,D31,B93,17,69
0.7987194061279297,0,D31,C93,17,70
0.9055417105555534,0,D31,D93,17,71
0.7397154867649078,0,D31,B95,17,72
0.7731995731592178,0,D31,C95,17,73
0.8802521228790283,0,D31,D95,17,74
0.19729506969451904,0,B32,C32,18,19
0.3545619249343872,0,B32,D32,18,20
0.8653531223535538,0,B32,B38,18,21
0.8305095732212067,0,B32,C38,18,22
0.9013204053044319,0,B32,D38,18,23
0.9687226489186287,0,B32,B39,18,24
0.9802004154771566,0,B32,C39,18,25
1.0262585915625095,0,B32,D39,18,26
0.8147398978471756,0,B32,B40,18,27
0.8066331744194031,0,B32,C40,18,28
0.6688932180404663,0,B32,D40,18,29
0.848426103591919,0,B32,B41,18,30
0.8534092307090759,0,B32,C41,18,31
0.9232290908694267,0,B32,D41,18,32
0.8973386734724045,0,B32,B45,18,33
0.934388056397438,0,B32,C45,18,34
0.9425364844501019,0,B32,D45,18,35
0.9213826432824135,0,B32,B58,18,36
0.925996445119381,0,B32,C58,18,37
0.8385633230209351,0,B32,D58,18,38
0.9275823831558228,0,B32,B64,18,39
0.9213586151599884,0,B32,C64,18,40
0.9573378972709179,0,B32,D64,18,41
0.7809330821037292,0,B32,B66,18,42
0.763471707701683,0,B32,C66,18,43
0.800983801484108,0,B32,D66,18,44
0.8915973380208015,0,B32,B70,18,45
0.8941734135150909,0,B32,C70,18,46
0.86960868537426,0,B32,D70,18,47
1.0152020398527384,0,B32,B72,18,48
0.9986812848364934,0,B32,C72,18,49
1.0961649119853973,0,B32,D72,18,50
0.8037532716989517,0,B32,B79,18,51
0.8371740728616714,0,B32,C79,18,52
0.7315855324268341,0,B32,D79,18,53
0.8143378049135208,0,B32,B81,18,54
0.7869085967540741,0,B32,C81,18,55
0.821307361125946,0,B32,D81,18,56
0.8332380503416061,0,B32,B82,18,57
0.8569546639919281,0,B32,C82,18,58
0.7422613501548767,0,B32,D82,18,59
1.0563362501561642,0,B32,B85,18,60
0.9862323896959424,0,B32,C85,18,61
1.106477789580822,0,B32,D85,18,62
0.8248889148235321,0,B32,B89,18,63
0.8203665018081665,0,B32,C89,18,64
0.8581634163856506,0,B32,D89,18,65
0.885050430893898,0,B32,B90,18,66
0.8755109757184982,0,B32,C90,18,67
0.8312731385231018,0,B32,D90,18,68
0.895658940076828,0,B32,B93,18,69
0.873618021607399,0,B32,C93,18,70
0.9085887670516968,0,B32,D93,18,71
1.0017703536432236,0,B32,B95,18,72
0.9672837518155575,0,B32,C95,18,73
0.9993289954727516,0,B32,D95,18,74
0.46686112880706787,0,C32,D32,19,20
0.7178454399108887,0,C32,B38,19,21
0.6674827337265015,0,C32,C38,19,22
0.7700121849775314,0,C32,D38,19,23
0.8329126983880997,0,C32,B39,19,24
0.8307643085718155,0,C32,C39,19,25
0.9480884484946728,0,C32,D39,19,26
0.7959057241678238,0,C32,B40,19,27
0.753803163766861,0,C32,C40,19,28
0.6871456205844879,0,C32,D40,19,29
0.8794036358594894,0,C32,B41,19,30
0.7989859879016876,0,C32,C41,19,31
0.861963540315628,0,C32,D41,19,32
0.9094145596027374,0,C32,B45,19,33
0.8946371302008629,0,C32,C45,19,34
0.9125893265008926,0,C32,D45,19,35
0.7126501202583313,0,C32,B58,19,36
0.7314864993095398,0,C32,C58,19,37
0.7240540981292725,0,C32,D58,19,38
0.9198361113667488,0,C32,B64,19,39
0.9175166636705399,0,C32,C64,19,40
0.8970385789871216,0,C32,D64,19,41
0.7601408809423447,0,C32,B66,19,42
0.7216483056545258,0,C32,C66,19,43
0.8364084511995316,0,C32,D66,19,44
0.8241775035858154,0,C32,B70,19,45
0.8595144152641296,0,C32,C70,19,46
0.8325784206390381,0,C32,D70,19,47
0.9304683580994606,0,C32,B72,19,48
0.8878461420536041,0,C32,C72,19,49
0.9899843446910381,0,C32,D72,19,50
0.7496422827243805,0,C32,B79,19,51
0.8250148147344589,0,C32,C79,19,52
0.6711151599884033,0,C32,D79,19,53
0.7551052123308182,0,C32,B81,19,54
0.6881667971611023,0,C32,C81,19,55
0.8085921108722687,0,C32,D81,19,56
0.794866532087326,0,C32,B82,19,57
0.777176171541214,0,C32,C82,19,58
0.7190670669078827,0,C32,D82,19,59
1.0444823987782001,0,C32,B85,19,60
0.9596897400915623,0,C32,C85,19,61
1.0340423285961151,0,C32,D85,19,62
0.7867017686367035,0,C32,B89,19,63
0.8001365065574646,0,C32,C89,19,64
0.8090234249830246,0,C32,D89,19,65
0.7965433895587921,0,C32,B90,19,66
0.8490677922964096,0,C32,C90,19,67
0.7921915054321289,0,C32,D90,19,68
0.9066324010491371,0,C32,B93,19,69
0.8785855546593666,0,C32,C93,19,70
1.0042683179490268,0,C32,D93,19,71
0.8820293322205544,0,C32,B95,19,72
0.8917130380868912,0,C32,C95,19,73
0.913371704518795,0,C32,D95,19,74
0.9199356660246849,0,D32,B38,20,21
0.8172927796840668,0,D32,C38,20,22
0.9119638949632645,0,D32,D38,20,23
1.023925893008709,0,D32,B39,20,24
0.9968359884805977,0,D32,C39,20,25
1.0130626298487186,0,D32,D39,20,26
0.8861933201551437,0,D32,B40,20,27
0.9125280380249023,0,D32,C40,20,28
0.83568474650383,0,D32,D40,20,29
0.9546225592494011,0,D32,B41,20,30
0.9836793709546328,0,D32,C41,20,31
1.0191241838037968,0,D32,D41,20,32
0.9818490911275148,0,D32,B45,20,33
1.0106371166184545,0,D32,C45,20,34
0.9864435959607363,0,D32,D45,20,35
1.0041004726663232,0,D32,B58,20,36
0.9985108625842258,0,D32,C58,20,37
1.0025719772092998,0,D32,D58,20,38
0.855911135673523,0,D32,B64,20,39
0.8928638398647308,0,D32,C64,20,40
0.7959697097539902,0,D32,D64,20,41
0.7992793023586273,0,D32,B66,20,42
0.8271047621965408,0,D32,C66,20,43
0.8725264221429825,0,D32,D66,20,44
0.9582616351544857,0,D32,B70,20,45
0.9528415873646736,0,D32,C70,20,46
0.9406270198523998,0,D32,D70,20,47
0.9777745306491852,0,D32,B72,20,48
0.9556229785084724,0,D32,C72,20,49
1.09286879748106,0,D32,D72,20,50
0.8072883486747742,0,D32,B79,20,51
0.9219695404171944,0,D32,C79,20,52
0.8464774489402771,0,D32,D79,20,53
0.9499541744589806,0,D32,B81,20,54
0.8967446982860565,0,D32,C81,20,55
0.9567725695669651,0,D32,D81,20,56
0.9314033016562462,0,D32,B82,20,57
0.9253350496292114,0,D32,C82,20,58
0.8553429841995239,0,D32,D82,20,59
1.0025089585687965,0,D32,B85,20,60
0.9633514508605003,0,D32,C85,20,61
1.1443274319171906,0,D32,D85,20,62
0.7797817140817642,0,D32,B89,20,63
0.8310219347476959,0,D32,C89,20,64
0.895734116435051,0,D32,D89,20,65
1.0161921679973602,0,D32,B90,20,66
1.0188874434679747,0,D32,C90,20,67
0.972237104550004,0,D32,D90,20,68
0.9439203031361103,0,D32,B93,20,69
0.9586298316717148,0,D32,C93,20,70
0.9572671018540859,0,D32,D93,20,71
0.9711512420326471,0,D32,B95,20,72
0.9767688121646643,0,D32,C95,20,73
0.9165655747056007,0,D32,D95,20,74
0.21276801824569702,0,B38,C38,21,22
0.3563094139099121,0,B38,D38,21,23
0.6911846697330475,0,B38,B39,21,24
0.7201580107212067,0,B38,C39,21,25
0.8010716587305069,0,B38,D39,21,26
0.7972155660390854,0,B38,B40,21,27
0.8303928673267365,0,B38,C40,21,28
0.7832749783992767,0,B38,D40,21,29
1.0673353374004364,0,B38,B41,21,30
0.9780293609946966,0,B38,C41,21,31
1.0523246377706528,0,B38,D41,21,32
1.0314409583806992,0,B38,B45,21,33
0.9721714146435261,0,B38,C45,21,34
1.0201317369937897,0,B38,D45,21,35
0.6594798266887665,0,B38,B58,21,36
0.7290061414241791,0,B38,C58,21,37
0.7332363724708557,0,B38,D58,21,38
0.9909305842593312,0,B38,B64,21,39
0.9836546685546637,0,B38,C64,21,40
0.9516664147377014,0,B38,D64,21,41
0.8568141460418701,0,B38,B66,21,42
0.847394198179245,0,B38,C66,21,43
0.9057144597172737,0,B38,D66,21,44
0.8118423968553543,0,B38,B70,21,45
0.7814472019672394,0,B38,C70,21,46
0.8110466748476028,0,B38,D70,21,47
0.8911900669336319,0,B38,B72,21,48
0.9331673458218575,0,B38,C72,21,49
0.9341302812099457,0,B38,D72,21,50
0.6355626881122589,0,B38,B79,21,51
0.725684255361557,0,B38,C79,21,52
0.6280242800712585,0,B38,D79,21,53
0.7286615967750549,0,B38,B81,21,54
0.7415878474712372,0,B38,C81,21,55
0.8291893601417542,0,B38,D81,21,56
0.8331055492162704,0,B38,B82,21,57
0.7964439690113068,0,B38,C82,21,58
0.8645440638065338,0,B38,D82,21,59
1.0525960065424442,0,B38,B85,21,60
0.997385635972023,0,B38,C85,21,61
1.0291495583951473,0,B38,D85,21,62
0.8617974370718002,0,B38,B89,21,63
0.8355262577533722,0,B38,C89,21,64
0.90946414321661,0,B38,D89,21,65
0.8602070659399033,0,B38,B90,21,66
0.8630925565958023,0,B38,C90,21,67
0.8396133333444595,0,B38,D90,21,68
0.9331055656075478,0,B38,B93,21,69
0.9097792580723763,0,B38,C93,21,70
1.0619414150714874,0,B38,D93,21,71
0.7906134575605392,0,B38,B95,21,72
0.8039989769458771,0,B38,C95,21,73
0.7217245697975159,0,B38,D95,21,74
0.35379457473754883,0,C38,D38,22,23
0.7505131512880325,0,C38,B39,22,24
0.717958927154541,0,C38,C39,22,25
0.8343506008386612,0,C38,D39,22,26
0.7119674980640411,0,C38,B40,22,27
0.6984366178512573,0,C38,C40,22,28
0.7194618582725525,0,C38,D40,22,29
1.0121686095371842,0,C38,B41,22,30
0.8916481211781502,0,C38,C41,22,31
1.0340951681137085,0,C38,D41,22,32
1.0100759658962488,0,C38,B45,22,33
0.9480197243392467,0,C38,C45,22,34
0.944336537271738,0,C38,D45,22,35
0.7324069142341614,0,C38,B58,22,36
0.7411656379699707,0,C38,C58,22,37
0.7126762866973877,0,C38,D58,22,38
0.8988524004817009,0,C38,B64,22,39
0.8744655847549438,0,C38,C64,22,40
0.8202401697635651,0,C38,D64,22,41
0.7499656677246094,0,C38,B66,22,42
0.7704746425151825,0,C38,C66,22,43
0.8908240795135498,0,C38,D66,22,44
0.8068826645612717,0,C38,B70,22,45
0.7915865033864975,0,C38,C70,22,46
0.7866464257240295,0,C38,D70,22,47
0.8241917341947556,0,C38,B72,22,48
0.8836115673184395,0,C38,C72,22,49
0.8981815949082375,0,C38,D72,22,50
0.6148861050605774,0,C38,B79,22,51
0.6900061666965485,0,C38,C79,22,52
0.6934019029140472,0,C38,D79,22,53
0.7703179717063904,0,C38,B81,22,54
0.7132614850997925,0,C38,C81,22,55
0.922498069703579,0,C38,D81,22,56
0.8237340152263641,0,C38,B82,22,57
0.7187795042991638,0,C38,C82,22,58
0.7827372252941132,0,C38,D82,22,59
0.9809051118791103,0,C38,B85,22,60
0.9132941961288452,0,C38,C85,22,61
1.0634248554706573,0,C38,D85,22,62
0.8081236183643341,0,C38,B89,22,63
0.8025748431682587,0,C38,C89,22,64
0.8438664227724075,0,C38,D89,22,65
0.9049648717045784,0,C38,B90,22,66
0.9208031222224236,0,C38,C90,22,67
0.9205375388264656,0,C38,D90,22,68
0.8756811693310738,0,C38,B93,22,69
0.8649250715970993,0,C38,C93,22,70
1.067395843565464,0,C38,D93,22,71
0.8570225238800049,0,C38,B95,22,72
0.8887378722429276,0,C38,C95,22,73
0.800226166844368,0,C38,D95,22,74
0.7118128538131714,0,D38,B39,23,24
0.725346714258194,0,D38,C39,23,25
0.8234102129936218,0,D38,D39,23,26
0.829252615571022,0,D38,B40,23,27
0.7924171388149261,0,D38,C40,23,28
0.9287470877170563,0,D38,D40,23,29
1.011906466446817,0,D38,B41,23,30
0.9297322854399681,0,D38,C41,23,31
1.05750385299325,0,D38,D41,23,32
1.0316467061638832,0,D38,B45,23,33
0.9715690668672323,0,D38,C45,23,34
0.9899920346215367,0,D38,D45,23,35
0.7237187325954437,0,D38,B58,23,36
0.7992654144763947,0,D38,C58,23,37
0.7858164012432098,0,D38,D58,23,38
0.9807518273591995,0,D38,B64,23,39
0.951075192540884,0,D38,C64,23,40
0.8865141347050667,0,D38,D64,23,41
0.8968172371387482,0,D38,B66,23,42
0.9041594639420509,0,D38,C66,23,43
0.9058782607316971,0,D38,D66,23,44
0.8972836881875992,0,D38,B70,23,45
0.8571317493915558,0,D38,C70,23,46
0.8772574886679649,0,D38,D70,23,47
0.9302835017442703,0,D38,B72,23,48
0.8819115236401558,0,D38,C72,23,49
0.9032092168927193,0,D38,D72,23,50
0.6588714122772217,0,D38,B79,23,51
0.7751865535974503,0,D38,C79,23,52
0.6844911277294159,0,D38,D79,23,53
0.7890401929616928,0,D38,B81,23,54
0.746189534664154,0,D38,C81,23,55
0.9092039167881012,0,D38,D81,23,56
0.8141300529241562,0,D38,B82,23,57
0.7982041984796524,0,D38,C82,23,58
0.871974766254425,0,D38,D82,23,59
1.062376905232668,0,D38,B85,23,60
1.0006713004549965,0,D38,C85,23,61
0.9769045356661081,0,D38,D85,23,62
0.8603850305080414,0,D38,B89,23,63
0.8821291700005531,0,D38,C89,23,64
0.869252398610115,0,D38,D89,23,65
0.9500551111996174,0,D38,B90,23,66
0.9851164631545544,0,D38,C90,23,67
0.8691968023777008,0,D38,D90,23,68
0.7817258685827255,0,D38,B93,23,69
0.7910330891609192,0,D38,C93,23,70
0.9629722759127617,0,D38,D93,23,71
0.8009233623743057,0,D38,B95,23,72
0.8128683716058731,0,D38,C95,23,73
0.7777675986289978,0,D38,D95,23,74
0.11464488506317139,0,B39,C39,24,25
0.3051806688308716,0,B39,D39,24,26
0.8482117205858231,0,B39,B40,24,27
0.823043167591095,0,B39,C40,24,28
0.8910133838653564,0,B39,D40,24,29
0.969840245321393,0,B39,B41,24,30
0.9064578339457512,0,B39,C41,24,31
0.8359920829534531,0,B39,D41,24,32
1.0052299904637039,0,B39,B45,24,33
0.9192933812737465,0,B39,C45,24,34
0.9894147673621774,0,B39,D45,24,35
0.7227924168109894,0,B39,B58,24,36
0.7635844349861145,0,B39,C58,24,37
0.7877136170864105,0,B39,D58,24,38
1.0529583878815174,0,B39,B64,24,39
1.0298499763011932,0,B39,C64,24,40
0.9701058082282543,0,B39,D64,24,41
0.8923326432704926,0,B39,B66,24,42
0.9165105149149895,0,B39,C66,24,43
0.8023317605257034,0,B39,D66,24,44
0.7301328778266907,0,B39,B70,24,45
0.729322224855423,0,B39,C70,24,46
0.8175055831670761,0,B39,D70,24,47
0.9703199472278357,0,B39,B72,24,48
0.9363263100385666,0,B39,C72,24,49
0.8872781544923782,0,B39,D72,24,50
0.5980954170227051,0,B39,B79,24,51
0.7286855578422546,0,B39,C79,24,52
0.5694272816181183,0,B39,D79,24,53
0.7409020960330963,0,B39,B81,24,54
0.7871020585298538,0,B39,C81,24,55
0.9358656108379364,0,B39,D81,24,56
0.8264592885971069,0,B39,B82,24,57
0.866214245557785,0,B39,C82,24,58
0.8896713778376579,0,B39,D82,24,59
0.9101530760526657,0,B39,B85,24,60
0.9128827974200249,0,B39,C85,24,61
0.8652579933404922,0,B39,D85,24,62
0.8668777495622635,0,B39,B89,24,63
0.9406296201050282,0,B39,C89,24,64
0.8679740130901337,0,B39,D89,24,65
0.8381383568048477,0,B39,B90,24,66
0.9016463905572891,0,B39,C90,24,67
0.8273120373487473,0,B39,D90,24,68
0.8497050553560257,0,B39,B93,24,69
0.8825475424528122,0,B39,C93,24,70
1.0292694345116615,0,B39,D93,24,71
0.9118240997195244,0,B39,B95,24,72
0.8324082046747208,0,B39,C95,24,73
0.9016093760728836,0,B39,D95,24,74
0.3130883574485779,0,C39,D39,25,26
0.8447069078683853,0,C39,B40,25,27
0.7955098152160645,0,C39,C40,25,28
0.8466459214687347,0,C39,D40,25,29
0.9090216159820557,0,C39,B41,25,30
0.8127470463514328,0,C39,C41,25,31
0.851408988237381,0,C39,D41,25,32
0.9141289740800858,0,C39,B45,25,33
0.8545585423707962,0,C39,C45,25,34
0.8613840788602829,0,C39,D45,25,35
0.7263886332511902,0,C39,B58,25,36
0.7572378516197205,0,C39,C58,25,37
0.7955852001905441,0,C39,D58,25,38
0.9741397481411695,0,C39,B64,25,39
0.963760495185852,0,C39,C64,25,40
0.9138864129781723,0,C39,D64,25,41
0.7705110609531403,0,C39,B66,25,42
0.8039947301149368,0,C39,C66,25,43
0.8072462826967239,0,C39,D66,25,44
0.7515555918216705,0,C39,B70,25,45
0.7716860473155975,0,C39,C70,25,46
0.8466182053089142,0,C39,D70,25,47
0.8933762982487679,0,C39,B72,25,48
0.9034690409898758,0,C39,C72,25,49
0.9026234894990921,0,C39,D72,25,50
0.6335535645484924,0,C39,B79,25,51
0.7231146693229675,0,C39,C79,25,52
0.6416002810001373,0,C39,D79,25,53
0.7801728993654251,0,C39,B81,25,54
0.7691705375909805,0,C39,C81,25,55
0.9195274412631989,0,C39,D81,25,56
0.8360963463783264,0,C39,B82,25,57
0.8341616541147232,0,C39,C82,25,58
0.8561732172966003,0,C39,D82,25,59
0.8207357227802277,0,C39,B85,25,60
0.8000920563936234,0,C39,C85,25,61
0.8613779991865158,0,C39,D85,25,62
0.8522239476442337,0,C39,B89,25,63
0.890684001147747,0,C39,C89,25,64
0.8741676956415176,0,C39,D89,25,65
0.7760506570339203,0,C39,B90,25,66
0.8427806347608566,0,C39,C90,25,67
0.7835498601198196,0,C39,D90,25,68
0.8765072673559189,0,C39,B93,25,69
0.8750535547733307,0,C39,C93,25,70
1.0406422317028046,0,C39,D93,25,71
0.8735720068216324,0,C39,B95,25,72
0.803272008895874,0,C39,C95,25,73
0.8219098895788193,0,C39,D95,25,74
0.905400238931179,0,D39,B40,26,27
0.8907308578491211,0,D39,C40,26,28
0.9236272126436234,0,D39,D40,26,29
1.0475197918713093,0,D39,B41,26,30
1.0147369215264916,0,D39,C41,26,31
0.880517952144146,0,D39,D41,26,32
1.0565269328653812,0,D39,B45,26,33
1.0041829999536276,0,D39,C45,26,34
0.9768411926925182,0,D39,D45,26,35
0.7540909647941589,0,D39,B58,26,36
0.7247124314308167,0,D39,C58,26,37
0.8086417317390442,0,D39,D58,26,38
1.0485758446156979,0,D39,B64,26,39
1.1127429902553558,0,D39,C64,26,40
0.9800173528492451,0,D39,D64,26,41
0.9547643177211285,0,D39,B66,26,42
0.9833714999258518,0,D39,C66,26,43
0.9220531210303307,0,D39,D66,26,44
0.6207888424396515,0,D39,B70,26,45
0.5609566867351532,0,D39,C70,26,46
0.7591786533594131,0,D39,D70,26,47
0.8517746180295944,0,D39,B72,26,48
0.7749000936746597,0,D39,C72,26,49
0.7911314368247986,0,D39,D72,26,50
0.5892975330352783,0,D39,B79,26,51
0.6348743736743927,0,D39,C79,26,52
0.6084988415241241,0,D39,D79,26,53
0.8364467322826385,0,D39,B81,26,54
0.8636205643415451,0,D39,C81,26,55
0.9085184410214424,0,D39,D81,26,56
0.9336216598749161,0,D39,B82,26,57
0.8771669864654541,0,D39,C82,26,58
0.8906819522380829,0,D39,D82,26,59
0.8731649369001389,0,D39,B85,26,60
0.8602260202169418,0,D39,C85,26,61
0.8790479898452759,0,D39,D85,26,62
0.9188675731420517,0,D39,B89,26,63
0.9545061327517033,0,D39,C89,26,64
0.9755170028656721,0,D39,D89,26,65
0.8849145993590355,0,D39,B90,26,66
0.9744851794093847,0,D39,C90,26,67
0.8530624806880951,0,D39,D90,26,68
0.8950610458850861,0,D39,B93,26,69
0.9876373689621687,0,D39,C93,26,70
1.0206068996340036,0,D39,D93,26,71
0.8881402388215065,0,D39,B95,26,72
0.851264014840126,0,D39,C95,26,73
0.9222492426633835,0,D39,D95,26,74
0.2462800145149231,0,B40,C40,27,28
0.3821868300437927,0,B40,D40,27,29
0.9370494782924652,0,B40,B41,27,30
0.8516620546579361,0,B40,C41,27,31
0.999799437209731,0,B40,D41,27,32
1.0044160932302475,0,B40,B45,27,33
1.0016023447969928,0,B40,C45,27,34
0.9076023399829865,0,B40,D45,27,35
0.693351149559021,0,B40,B58,27,36
0.6784971654415131,0,B40,C58,27,37
0.6803288459777832,0,B40,D58,27,38
0.9495056569576263,0,B40,B64,27,39
0.9337250888347626,0,B40,C64,27,40
0.9407956674695015,0,B40,D64,27,41
0.7173072695732117,0,B40,B66,27,42
0.7024114727973938,0,B40,C66,27,43
0.7468701004981995,0,B40,D66,27,44
0.8399719893932343,0,B40,B70,27,45
0.8358690589666367,0,B40,C70,27,46
0.8000941127538681,0,B40,D70,27,47
0.9031660631299019,0,B40,B72,27,48
0.9467969574034214,0,B40,C72,27,49
0.8898190706968307,0,B40,D72,27,50
0.7665573507547379,0,B40,B79,27,51
0.693049818277359,0,B40,C79,27,52
0.8553242832422256,0,B40,D79,27,53
0.7893505692481995,0,B40,B81,27,54
0.7528318762779236,0,B40,C81,27,55
0.7716196328401566,0,B40,D81,27,56
0.8851165324449539,0,B40,B82,27,57
0.8892615512013435,0,B40,C82,27,58
0.8523835241794586,0,B40,D82,27,59
0.8648762702941895,0,B40,B85,27,60
0.9197045862674713,0,B40,C85,27,61
1.0114702079445124,0,B40,D85,27,62
0.7952799201011658,0,B40,B89,27,63
0.8658002316951752,0,B40,C89,27,64
0.8649449348449707,0,B40,D89,27,65
0.9601263105869293,0,B40,B90,27,66
0.9350476637482643,0,B40,C90,27,67
0.9079365953803062,0,B40,D90,27,68
0.8746214210987091,0,B40,B93,27,69
0.8972631171345711,0,B40,C93,27,70
0.9587073549628258,0,B40,D93,27,71
1.0618555136024952,0,B40,B95,27,72
1.0273126866668463,0,B40,C95,27,73
1.0573295950889587,0,B40,D95,27,74
0.38355427980422974,0,C40,D40,28,29
0.9147030860185623,0,C40,B41,28,30
0.7903931140899658,0,C40,C41,28,31
0.970685426145792,0,C40,D41,28,32
0.9625003002583981,0,C40,B45,28,33
0.9720281772315502,0,C40,C45,28,34
0.9341923967003822,0,C40,D45,28,35
0.6309801042079926,0,C40,B58,28,36
0.6557525396347046,0,C40,C58,28,37
0.655043363571167,0,C40,D58,28,38
0.9582568854093552,0,C40,B64,28,39
0.9339321628212929,0,C40,C64,28,40
0.9537269063293934,0,C40,D64,28,41
0.8214932233095169,0,C40,B66,28,42
0.7983382791280746,0,C40,C66,28,43
0.8354360610246658,0,C40,D66,28,44
0.8385460376739502,0,C40,B70,28,45
0.8549487590789795,0,C40,C70,28,46
0.8667091131210327,0,C40,D70,28,47
0.8760433122515678,0,C40,B72,28,48
0.8898502811789513,0,C40,C72,28,49
0.9198392182588577,0,C40,D72,28,50
0.6993618607521057,0,C40,B79,28,51
0.6919187903404236,0,C40,C79,28,52
0.8351277559995651,0,C40,D79,28,53
0.6746112108230591,0,C40,B81,28,54
0.690602719783783,0,C40,C81,28,55
0.777115523815155,0,C40,D81,28,56
0.7788046449422836,0,C40,B82,28,57
0.7366795241832733,0,C40,C82,28,58
0.7763771116733551,0,C40,D82,28,59
0.9356890022754669,0,C40,B85,28,60
0.9150164127349854,0,C40,C85,28,61
1.050971481949091,0,C40,D85,28,62
0.8030776381492615,0,C40,B89,28,63
0.8076996058225632,0,C40,C89,28,64
0.9061387404799461,0,C40,D89,28,65
0.9065645858645439,0,C40,B90,28,66
0.8537502586841583,0,C40,C90,28,67
0.8682123422622681,0,C40,D90,28,68
0.9536944143474102,0,C40,B93,28,69
0.9484483562409878,0,C40,C93,28,70
1.0211738180369139,0,C40,D93,28,71
1.0504751913249493,0,C40,B95,28,72
0.9990770367439836,0,C40,C95,28,73
0.9691108353435993,0,C40,D95,28,74
0.9326248541474342,0,D40,B41,29,30
0.8821305930614471,0,D40,C41,29,31
0.9925359333865345,0,D40,D41,29,32
0.8607335686683655,0,D40,B45,29,33
0.9107643067836761,0,D40,C45,29,34
0.8257713317871094,0,D40,D45,29,35
0.7841607183218002,0,D40,B58,29,36
0.7752129137516022,0,D40,C58,29,37
0.7715385407209396,0,D40,D58,29,38
0.9855480752885342,0,D40,B64,29,39
0.9631872959434986,0,D40,C64,29,40
0.9936102656647563,0,D40,D64,29,41
0.7886824011802673,0,D40,B66,29,42
0.8019903600215912,0,D40,C66,29,43
0.8604251444339752,0,D40,D66,29,44
0.8016538619995117,0,D40,B70,29,45
0.8795004114508629,0,D40,C70,29,46
0.8708492666482925,0,D40,D70,29,47
0.9151245504617691,0,D40,B72,29,48
1.0223684720695019,0,D40,C72,29,49
0.9814966842532158,0,D40,D72,29,50
0.7214875221252441,0,D40,B79,29,51
0.6860185861587524,0,D40,C79,29,52
0.8251307904720306,0,D40,D79,29,53
0.7283019423484802,0,D40,B81,29,54
0.718282163143158,0,D40,C81,29,55
0.8497195839881897,0,D40,D81,29,56
0.8359856903553009,0,D40,B82,29,57
0.8394017964601517,0,D40,C82,29,58
0.7339714765548706,0,D40,D82,29,59
1.017312066629529,0,D40,B85,29,60
1.0119886379688978,0,D40,C85,29,61
1.0993484556674957,0,D40,D85,29,62
0.7816536873579025,0,D40,B89,29,63
0.7282490134239197,0,D40,C89,29,64
0.8048404306173325,0,D40,D89,29,65
0.9479350484907627,0,D40,B90,29,66
0.8848957344889641,0,D40,C90,29,67
0.9030276238918304,0,D40,D90,29,68
0.8592339009046555,0,D40,B93,29,69
0.8791766539216042,0,D40,C93,29,70
0.9724156223237514,0,D40,D93,29,71
1.1034188345074654,0,D40,B95,29,72
1.0507141537964344,0,D40,C95,29,73
1.0329143702983856,0,D40,D95,29,74
0.1534816026687622,0,B41,C41,30,31
0.33842581510543823,0,B41,D41,30,32
0.7056692540645599,0,B41,B45,30,33
0.7242963910102844,0,B41,C45,30,34
0.7867972701787949,0,B41,D45,30,35
1.0327207706868649,0,B41,B58,30,36
1.0177411828190088,0,B41,C58,30,37
0.967910323292017,0,B41,D58,30,38
0.8538167327642441,0,B41,B64,30,39
0.8107152581214905,0,B41,C64,30,40
0.9394400902092457,0,B41,D64,30,41
0.8040606677532196,0,B41,B66,30,42
0.7808501869440079,0,B41,C66,30,43
0.7926360815763474,0,B41,D66,30,44
0.9245403781533241,0,B41,B70,30,45
1.0291796680539846,0,B41,C70,30,46
0.9490750543773174,0,B41,D70,30,47
0.8286613076925278,0,B41,B72,30,48
0.9481967501342297,0,B41,C72,30,49
0.9551143050193787,0,B41,D72,30,50
0.983440512791276,0,B41,B79,30,51
0.9489443637430668,0,B41,C79,30,52
1.0915119424462318,0,B41,D79,30,53
0.8588756620883942,0,B41,B81,30,54
0.8589451014995575,0,B41,C81,30,55
0.8065600991249084,0,B41,D81,30,56
0.922548845410347,0,B41,B82,30,57
0.9784927796572447,0,B41,C82,30,58
0.8983448669314384,0,B41,D82,30,59
0.8895225450396538,0,B41,B85,30,60
0.8716318309307098,0,B41,C85,30,61
0.9151796475052834,0,B41,D85,30,62
0.9578332342207432,0,B41,B89,30,63
0.8810112178325653,0,B41,C89,30,64
0.9357147961854935,0,B41,D89,30,65
0.8686444312334061,0,B41,B90,30,66
0.8269379884004593,0,B41,C90,30,67
0.9224075302481651,0,B41,D90,30,68
1.0142547991126776,0,B41,B93,30,69
1.0009250516304746,0,B41,C93,30,70
0.9796464871615171,0,B41,D93,30,71
1.0559789203107357,0,B41,B95,30,72
1.0638061091303825,0,B41,C95,30,73
0.9854667978361249,0,B41,D95,30,74
0.3177652955055237,0,C41,D41,31,32
0.6342113614082336,0,C41,B45,31,33
0.6359727680683136,0,C41,C45,31,34
0.6891638040542603,0,C41,D45,31,35
0.8720792829990387,0,C41,B58,31,36
0.8852901384234428,0,C41,C58,31,37
0.8691639304161072,0,C41,D58,31,38
0.8128358572721481,0,C41,B64,31,39
0.772711992263794,0,C41,C64,31,40
0.9047702774405479,0,C41,D64,31,41
0.6952128708362579,0,C41,B66,31,42
0.6930215060710907,0,C41,C66,31,43
0.7674740254878998,0,C41,D66,31,44
0.8996252119541168,0,C41,B70,31,45
0.9930836907587945,0,C41,C70,31,46
0.899151898920536,0,C41,D70,31,47
0.7037960886955261,0,C41,B72,31,48
0.8508959114551544,0,C41,C72,31,49
0.8772118613123894,0,C41,D72,31,50
0.9740808717906475,0,C41,B79,31,51
0.9729227963835001,0,C41,C79,31,52
1.0755899921059608,0,C41,D79,31,53
0.7696719914674759,0,C41,B81,31,54
0.7232134938240051,0,C41,C81,31,55
0.7336349189281464,0,C41,D81,31,56
0.8400243669748306,0,C41,B82,31,57
0.8550903499126434,0,C41,C82,31,58
0.8651320785284042,0,C41,D82,31,59
0.8563763201236725,0,C41,B85,31,60
0.8312776386737823,0,C41,C85,31,61
0.9161554872989655,0,C41,D85,31,62
0.8606863170862198,0,C41,B89,31,63
0.7651828080415726,0,C41,C89,31,64
0.8509147465229034,0,C41,D89,31,65
0.7751219570636749,0,C41,B90,31,66
0.7272881865501404,0,C41,C90,31,67
0.8327662199735641,0,C41,D90,31,68
0.9287463799118996,0,C41,B93,31,69
0.8990936428308487,0,C41,C93,31,70
0.9503398463129997,0,C41,D93,31,71
1.0413437597453594,0,C41,B95,31,72
1.0360667072236538,0,C41,C95,31,73
0.9225883036851883,0,C41,D95,31,74
0.7609505355358124,0,D41,B45,32,33
0.7147127091884613,0,D41,C45,32,34
0.874031737446785,0,D41,D45,32,35
0.9926788508892059,0,D41,B58,32,36
0.9108123928308487,0,D41,C58,32,37
0.9638900607824326,0,D41,D58,32,38
0.8389338552951813,0,D41,B64,32,39
0.8976304084062576,0,D41,C64,32,40
0.970802154392004,0,D41,D64,32,41
0.859630897641182,0,D41,B66,32,42
0.8428190499544144,0,D41,C66,32,43
0.8479247540235519,0,D41,D66,32,44
0.7739654183387756,0,D41,B70,32,45
0.8962766230106354,0,D41,C70,32,46
0.8654124140739441,0,D41,D70,32,47
0.7375476360321045,0,D41,B72,32,48
0.7299180924892426,0,D41,C72,32,49
0.7514424324035645,0,D41,D72,32,50
0.9065817967057228,0,D41,B79,32,51
0.866723895072937,0,D41,C79,32,52
0.9475738406181335,0,D41,D79,32,53
0.8899803832173347,0,D41,B81,32,54
0.812900498509407,0,D41,C81,32,55
0.8195760250091553,0,D41,D81,32,56
0.8319622874259949,0,D41,B82,32,57
0.884998120367527,0,D41,C82,32,58
0.8671097457408905,0,D41,D82,32,59
0.806530773639679,0,D41,B85,32,60
0.8267135322093964,0,D41,C85,32,61
0.7777123600244522,0,D41,D85,32,62
0.8826393187046051,0,D41,B89,32,63
0.8097764849662781,0,D41,C89,32,64
0.9009470343589783,0,D41,D89,32,65
0.7513700723648071,0,D41,B90,32,66
0.8110976368188858,0,D41,C90,32,67
0.8713588118553162,0,D41,D90,32,68
0.8507480621337891,0,D41,B93,32,69
0.9259780645370483,0,D41,C93,32,70
0.9546682499349117,0,D41,D93,32,71
1.054297260940075,0,D41,B95,32,72
1.0105325728654861,0,D41,C95,32,73
1.0078422436490655,0,D41,D95,32,74
0.11096054315567017,0,B45,C45,33,34
0.26592838764190674,0,B45,D45,33,35
1.0274026952683926,0,B45,B58,33,36
0.9968961649574339,0,B45,C58,33,37
1.0211447477340698,0,B45,D58,33,38
0.8288212418556213,0,B45,B64,33,39
0.8236062228679657,0,B45,C64,33,40
0.9367522969841957,0,B45,D64,33,41
0.7895818948745728,0,B45,B66,33,42
0.7413060665130615,0,B45,C66,33,43
0.8209821581840515,0,B45,D66,33,44
1.0154193341732025,0,B45,B70,33,45
1.0461540445685387,0,B45,C70,33,46
0.983643177896738,0,B45,D70,33,47
0.7869446277618408,0,B45,B72,33,48
0.8955440148711205,0,B45,C72,33,49
0.8404687196016312,0,B45,D72,33,50
0.9778996109962463,0,B45,B79,33,51
0.9303708523511887,0,B45,C79,33,52
0.9308339506387711,0,B45,D79,33,53
0.8544984012842178,0,B45,B81,33,54
0.8484480530023575,0,B45,C81,33,55
0.8422058820724487,0,B45,D81,33,56
0.7965358793735504,0,B45,B82,33,57
0.9036945626139641,0,B45,C82,33,58
0.8075307607650757,0,B45,D82,33,59
0.9957450651563704,0,B45,B85,33,60
1.0096885431557894,0,B45,C85,33,61
0.946277990937233,0,B45,D85,33,62
0.9303316026926041,0,B45,B89,33,63
0.7439262866973877,0,B45,C89,33,64
0.9005913659930229,0,B45,D89,33,65
0.98750573489815,0,B45,B90,33,66
0.8613551259040833,0,B45,C90,33,67
1.0853083357214928,0,B45,D90,33,68
0.9023474827408791,0,B45,B93,33,69
0.7901230305433273,0,B45,C93,33,70
0.9088756069540977,0,B45,D93,33,71
0.7802499085664749,0,B45,B95,33,72
0.8348921239376068,0,B45,C95,33,73
0.7100742757320404,0,B45,D95,33,74
0.35574913024902344,0,C45,D45,34,35
0.9558681137859821,0,C45,B58,34,36
0.9504316411912441,0,C45,C58,34,37
0.9699663184583187,0,C45,D58,34,38
0.8622822463512421,0,C45,B64,34,39
0.8359778076410294,0,C45,C64,34,40
0.9586071744561195,0,C45,D64,34,41
0.7996032983064651,0,C45,B66,34,42
0.7704808861017227,0,C45,C66,34,43
0.8347508758306503,0,C45,D66,34,44
0.9177504777908325,0,C45,B70,34,45
0.9763493165373802,0,C45,C70,34,46
0.9098707139492035,0,C45,D70,34,47
0.7392227649688721,0,C45,B72,34,48
0.8212667256593704,0,C45,C72,34,49
0.7671273350715637,0,C45,D72,34,50
1.0351167172193527,0,C45,B79,34,51
0.9867609096691012,0,C45,C79,34,52
0.8662433922290802,0,C45,D79,34,53
0.8368706256151199,0,C45,B81,34,54
0.8123427033424377,0,C45,C81,34,55
0.8330585360527039,0,C45,D81,34,56
0.7715634405612946,0,C45,B82,34,57
0.8967718183994293,0,C45,C82,34,58
0.8253156840801239,0,C45,D82,34,59
0.9565201550722122,0,C45,B85,34,60
0.9900339981541038,0,C45,C85,34,61
0.8978921547532082,0,C45,D85,34,62
0.9105032831430435,0,C45,B89,34,63
0.7605585306882858,0,C45,C89,34,64
0.8664843589067459,0,C45,D89,34,65
0.9286179170012474,0,C45,B90,34,66
0.8565284758806229,0,C45,C90,34,67
1.058795489370823,0,C45,D90,34,68
0.8387128561735153,0,C45,B93,34,69
0.7173207402229309,0,C45,C93,34,70
0.8626644015312195,0,C45,D93,34,71
0.7405458688735962,0,C45,B95,34,72
0.8083275407552719,0,C45,C95,34,73
0.7178448140621185,0,C45,D95,34,74
0.8936635106801987,0,D45,B58,35,36
0.8399664461612701,0,D45,C58,35,37
0.9257311671972275,0,D45,D58,35,38
0.9018463343381882,0,D45,B64,35,39
0.8277886658906937,0,D45,C64,35,40
0.8576133996248245,0,D45,D64,35,41
0.7613443434238434,0,D45,B66,35,42
0.7161642014980316,0,D45,C66,35,43
0.8014764934778214,0,D45,D66,35,44
0.9773114379495382,0,D45,B70,35,45
0.9940608204342425,0,D45,C70,35,46
0.9777402821928263,0,D45,D70,35,47
0.8482217490673065,0,D45,B72,35,48
0.901483990252018,0,D45,C72,35,49
0.8474566787481308,0,D45,D72,35,50
0.9612066894769669,0,D45,B79,35,51
0.8757420629262924,0,D45,C79,35,52
0.9197859838604927,0,D45,D79,35,53
0.8704422861337662,0,D45,B81,35,54
0.8624713569879532,0,D45,C81,35,55
0.8205128163099289,0,D45,D81,35,56
0.8962276130914688,0,D45,B82,35,57
0.8750454634428024,0,D45,C82,35,58
0.842774972319603,0,D45,D82,35,59
0.9412428848445415,0,D45,B85,35,60
0.9554159231483936,0,D45,C85,35,61
0.8673674017190933,0,D45,D85,35,62
0.9748164881020784,0,D45,B89,35,63
0.8372139036655426,0,D45,C89,35,64
0.9392225816845894,0,D45,D89,35,65
1.067077361047268,0,D45,B90,35,66
1.021292321383953,0,D45,C90,35,67
1.0901186987757683,0,D45,D90,35,68
0.885662280023098,0,D45,B93,35,69
0.8282804042100906,0,D45,C93,35,70
0.8458380401134491,0,D45,D93,35,71
0.8712239116430283,0,D45,B95,35,72
0.9318444058299065,0,D45,C95,35,73
0.830645352602005,0,D45,D95,35,74
0.09155106544494629,0,B58,C58,36,37
0.2753719091415405,0,B58,D58,36,38
0.9524291083216667,0,B58,B64,36,39
0.9276651740074158,0,B58,C64,36,40
0.8127126097679138,0,B58,D64,36,41
0.8432241827249527,0,B58,B66,36,42
0.80462746322155,0,B58,C66,36,43
0.7434400320053101,0,B58,D66,36,44
0.7442266345024109,0,B58,B70,36,45
0.7773968875408173,0,B58,C70,36,46
0.7218318581581116,0,B58,D70,36,47
0.7925533950328827,0,B58,B72,36,48
0.7686713635921478,0,B58,C72,36,49
0.8562895655632019,0,B58,D72,36,50
0.779761791229248,0,B58,B79,36,51
0.7541501969099045,0,B58,C79,36,52
0.6706491112709045,0,B58,D79,36,53
0.6638382077217102,0,B58,B81,36,54
0.6284408271312714,0,B58,C81,36,55
0.774145781993866,0,B58,D81,36,56
0.8064294159412384,0,B58,B82,36,57
0.7646230757236481,0,B58,C82,36,58
0.8588700294494629,0,B58,D82,36,59
0.9570886082947254,0,B58,B85,36,60
0.9134754315018654,0,B58,C85,36,61
0.9360666051506996,0,B58,D85,36,62
0.8859876096248627,0,B58,B89,36,63
0.9563019573688507,0,B58,C89,36,64
0.9167117029428482,0,B58,D89,36,65
0.8790660500526428,0,B58,B90,36,66
0.8948673382401466,0,B58,C90,36,67
0.8195284903049469,0,B58,D90,36,68
0.9603989496827126,0,B58,B93,36,69
0.9282835349440575,0,B58,C93,36,70
1.0258998032659292,0,B58,D93,36,71
0.8812602311372757,0,B58,B95,36,72
0.8796570301055908,0,B58,C95,36,73
0.9348240941762924,0,B58,D95,36,74
0.2916436195373535,0,C58,D58,37,38
0.8985497429966927,0,C58,B64,37,39
0.8690275102853775,0,C58,C64,37,40
0.7874040901660919,0,C58,D64,37,41
0.8074297159910202,0,C58,B66,37,42
0.7755267769098282,0,C58,C66,37,43
0.7033718824386597,0,C58,D66,37,44
0.687442421913147,0,C58,B70,37,45
0.738549530506134,0,C58,C70,37,46
0.6738712787628174,0,C58,D70,37,47
0.6941565871238708,0,C58,B72,37,48
0.6571760475635529,0,C58,C72,37,49
0.7599529922008514,0,C58,D72,37,50
0.7816135436296463,0,C58,B79,37,51
0.6901924908161163,0,C58,C79,37,52
0.6867376863956451,0,C58,D79,37,53
0.7360466122627258,0,C58,B81,37,54
0.6797800064086914,0,C58,C81,37,55
0.8020505458116531,0,C58,D81,37,56
0.7708519697189331,0,C58,B82,37,57
0.7275530695915222,0,C58,C82,37,58
0.791772797703743,0,C58,D82,37,59
0.918234184384346,0,C58,B85,37,60
0.8578299432992935,0,C58,C85,37,61
0.9109122678637505,0,C58,D85,37,62
0.915686123073101,0,C58,B89,37,63
0.9546680226922035,0,C58,C89,37,64
0.9270103126764297,0,C58,D89,37,65
0.857927143573761,0,C58,B90,37,66
0.88117516040802,0,C58,C90,37,67
0.8026530295610428,0,C58,D90,37,68
0.9186892807483673,0,C58,B93,37,69
0.945357970893383,0,C58,C93,37,70
1.028734665364027,0,C58,D93,37,71
0.8762824088335037,0,C58,B95,37,72
0.8641654402017593,0,C58,C95,37,73
0.9174029231071472,0,C58,D95,37,74
0.9124891832470894,0,D58,B64,38,39
0.8750318884849548,0,D58,C64,38,40
0.8747496455907822,0,D58,D64,38,41
0.8630008548498154,0,D58,B66,38,42
0.8253085166215897,0,D58,C66,38,43
0.7200758159160614,0,D58,D66,38,44
0.8251384347677231,0,D58,B70,38,45
0.8203205615282059,0,D58,C70,38,46
0.7619906067848206,0,D58,D70,38,47
0.9068494588136673,0,D58,B72,38,48
0.827347993850708,0,D58,C72,38,49
0.9145796969532967,0,D58,D72,38,50
0.7285227477550507,0,D58,B79,38,51
0.6610726416110992,0,D58,C79,38,52
0.6201672554016113,0,D58,D79,38,53
0.7248715460300446,0,D58,B81,38,54
0.7153017520904541,0,D58,C81,38,55
0.8131618350744247,0,D58,D81,38,56
0.8511509746313095,0,D58,B82,38,57
0.7986677289009094,0,D58,C82,38,58
0.8753046840429306,0,D58,D82,38,59
0.8653299063444138,0,D58,B85,38,60
0.8275515884160995,0,D58,C85,38,61
0.8841691464185715,0,D58,D85,38,62
0.9559645913541317,0,D58,B89,38,63
0.9676814898848534,0,D58,C89,38,64
0.9191646128892899,0,D58,D89,38,65
0.851000502705574,0,D58,B90,38,66
0.7935086488723755,0,D58,C90,38,67
0.8701959103345871,0,D58,D90,38,68
1.0155811496078968,0,D58,B93,38,69
0.971009274944663,0,D58,C93,38,70
1.0541652701795101,0,D58,D93,38,71
0.9427792839705944,0,D58,B95,38,72
0.955939270555973,0,D58,C95,38,73
1.0130362613126636,0,D58,D95,38,74
0.21631485223770142,0,B64,C64,39,40
0.31845521926879883,0,B64,D64,39,41
0.803811103105545,0,B64,B66,39,42
0.8096352815628052,0,B64,C66,39,43
0.8093289583921432,0,B64,D66,39,44
1.0572441592812538,0,B64,B70,39,45
1.0446876995265484,0,B64,C70,39,46
1.0134387761354446,0,B64,D70,39,47
0.6621331572532654,0,B64,B72,39,48
0.8086138516664505,0,B64,C72,39,49
0.8809462711215019,0,B64,D72,39,50
0.8623686581850052,0,B64,B79,39,51
0.8631218522787094,0,B64,C79,39,52
0.9854141511023045,0,B64,D79,39,53
0.8970358818769455,0,B64,B81,39,54
0.8329141288995743,0,B64,C81,39,55
0.9790537096560001,0,B64,D81,39,56
0.8170416951179504,0,B64,B82,39,57
0.736071914434433,0,B64,C82,39,58
0.9246317148208618,0,B64,D82,39,59
0.7815888375043869,0,B64,B85,39,60
0.7934321910142899,0,B64,C85,39,61
0.8739931434392929,0,B64,D85,39,62
0.8718986809253693,0,B64,B89,39,63
0.7571438252925873,0,B64,C89,39,64
0.829028844833374,0,B64,D89,39,65
0.9318986088037491,0,B64,B90,39,66
0.8848044648766518,0,B64,C90,39,67
0.9977037748321891,0,B64,D90,39,68
0.8104178756475449,0,B64,B93,39,69
0.7839444726705551,0,B64,C93,39,70
0.864187702536583,0,B64,D93,39,71
1.01800930313766,0,B64,B95,39,72
0.9653276391327381,0,B64,C95,39,73
0.9880013866350055,0,B64,D95,39,74
0.3004031777381897,0,C64,D64,40,41
0.8373553603887558,0,C64,B66,40,42
0.7856133580207825,0,C64,C66,40,43
0.824322909116745,0,C64,D66,40,44
1.0055324099957943,0,C64,B70,40,45
0.9893986228853464,0,C64,C70,40,46
0.976385984569788,0,C64,D70,40,47
0.7690695375204086,0,C64,B72,40,48
0.8909383863210678,0,C64,C72,40,49
0.9342429414391518,0,C64,D72,40,50
0.8976468443870544,0,C64,B79,40,51
0.9157389104366302,0,C64,C79,40,52
1.0503086224198341,0,C64,D79,40,53
1.0000626274559181,0,C64,B81,40,54
1.0025621661916375,0,C64,C81,40,55
1.0339687578380108,0,C64,D81,40,56
0.8473720252513885,0,C64,B82,40,57
0.8177821040153503,0,C64,C82,40,58
0.9421938844025135,0,C64,D82,40,59
0.8366811275482178,0,C64,B85,40,60
0.8769089207053185,0,C64,C85,40,61
0.9542320370674133,0,C64,D85,40,62
0.8692460209131241,0,C64,B89,40,63
0.7805622965097427,0,C64,C89,40,64
0.8034875243902206,0,C64,D89,40,65
1.0269614439457655,0,C64,B90,40,66
0.9240551367402077,0,C64,C90,40,67
1.0422376841306686,0,C64,D90,40,68
0.9042453393340111,0,C64,B93,40,69
0.8750403821468353,0,C64,C93,40,70
0.9233180731534958,0,C64,D93,40,71
1.0535769574344158,0,C64,B95,40,72
1.0388172417879105,0,C64,C95,40,73
0.9994014910771511,0,C64,D95,40,74
0.8592851907014847,0,D64,B66,41,42
0.8138353228569031,0,D64,C66,41,43
0.8709022700786591,0,D64,D66,41,44
0.9978072764351964,0,D64,B70,41,45
0.9622772224247456,0,D64,C70,41,46
0.9927671933546662,0,D64,D70,41,47
0.7813986390829086,0,D64,B72,41,48
0.8664800375699997,0,D64,C72,41,49
0.8924052491784096,0,D64,D72,41,50
0.8297011256217957,0,D64,B79,41,51
0.8498111963272095,0,D64,C79,41,52
0.9952550115995109,0,D64,D79,41,53
0.8680593222379684,0,D64,B81,41,54
0.8289392441511154,0,D64,C81,41,55
0.9107145667076111,0,D64,D81,41,56
0.9189014360308647,0,D64,B82,41,57
0.8267009407281876,0,D64,C82,41,58
0.9502228647470474,0,D64,D82,41,59
0.8124973177909851,0,D64,B85,41,60
0.8478820621967316,0,D64,C85,41,61
0.8755748867988586,0,D64,D85,41,62
0.9246972799301147,0,D64,B89,41,63
0.9054827615618706,0,D64,C89,41,64
0.9590674303472042,0,D64,D89,41,65
1.0254337303340435,0,D64,B90,41,66
0.9679342769086361,0,D64,C90,41,67
0.9761912059038877,0,D64,D90,41,68
0.9746455233544111,0,D64,B93,41,69
0.990671057254076,0,D64,C93,41,70
1.0190049223601818,0,D64,D93,41,71
1.0071898722089827,0,D64,B95,41,72
0.9989033680176362,0,D64,C95,41,73
1.0125428261235356,0,D64,D95,41,74
0.14840072393417358,0,B66,C66,42,43
0.3418070077896118,0,B66,D66,42,44
0.8615361154079437,0,B66,B70,42,45
0.8911549896001816,0,B66,C70,42,46
0.7695108503103256,0,B66,D70,42,47
0.6235802471637726,0,B66,B72,42,48
0.7313816249370575,0,B66,C72,42,49
0.7292373180389404,0,B66,D72,42,50
0.8988810330629349,0,B66,B79,42,51
0.841540589928627,0,B66,C79,42,52
0.9503813982009888,0,B66,D79,42,53
0.8563933968544006,0,B66,B81,42,54
0.7236758768558502,0,B66,C81,42,55
0.9286677911877632,0,B66,D81,42,56
0.8433832079172134,0,B66,B82,42,57
0.9160489812493324,0,B66,C82,42,58
0.8674556910991669,0,B66,D82,42,59
0.8290156573057175,0,B66,B85,42,60
0.7435690462589264,0,B66,C85,42,61
0.9571923315525055,0,B66,D85,42,62
0.9104304388165474,0,B66,B89,42,63
0.8872808516025543,0,B66,C89,42,64
0.9044959098100662,0,B66,D89,42,65
0.8642572313547134,0,B66,B90,42,66
0.9038607031106949,0,B66,C90,42,67
0.8902686238288879,0,B66,D90,42,68
0.845663383603096,0,B66,B93,42,69
0.8109288811683655,0,B66,C93,42,70
0.8768600076436996,0,B66,D93,42,71
0.792850136756897,0,B66,B95,42,72
0.7624207586050034,0,B66,C95,42,73
0.7365006804466248,0,B66,D95,42,74
0.3231906294822693,0,C66,D66,43,44
0.8493185490369797,0,C66,B70,43,45
0.9161124676465988,0,C66,C70,43,46
0.7808080464601517,0,C66,D70,43,47
0.676600307226181,0,C66,B72,43,48
0.7703714370727539,0,C66,C72,43,49
0.7627213299274445,0,C66,D72,43,50
0.8430879861116409,0,C66,B79,43,51
0.7742663770914078,0,C66,C79,43,52
0.9106784760951996,0,C66,D79,43,53
0.8485795110464096,0,C66,B81,43,54
0.7529918551445007,0,C66,C81,43,55
0.8868871182203293,0,C66,D81,43,56
0.8236025720834732,0,C66,B82,43,57
0.925735741853714,0,C66,C82,43,58
0.8766283467411995,0,C66,D82,43,59
0.8748391568660736,0,C66,B85,43,60
0.8486402332782745,0,C66,C85,43,61
1.0205603390932083,0,C66,D85,43,62
0.9494798853993416,0,C66,B89,43,63
0.8992201536893845,0,C66,C89,43,64
0.9698384758085012,0,C66,D89,43,65
0.8249631524085999,0,C66,B90,43,66
0.8402717709541321,0,C66,C90,43,67
0.8727550059556961,0,C66,D90,43,68
0.9025195762515068,0,C66,B93,43,69
0.8611783236265182,0,C66,C93,43,70
0.9090435728430748,0,C66,D93,43,71
0.7943030297756195,0,C66,B95,43,72
0.7891254872083664,0,C66,C95,43,73
0.7494659423828125,0,C66,D95,43,74
0.845534086227417,0,D66,B70,44,45
0.8343028426170349,0,D66,C70,44,46
0.7754923403263092,0,D66,D70,44,47
0.6953546702861786,0,D66,B72,44,48
0.7261983454227448,0,D66,C72,44,49
0.7223595678806305,0,D66,D72,44,50
0.8260293304920197,0,D66,B79,44,51
0.7821269482374191,0,D66,C79,44,52
0.9177573025226593,0,D66,D79,44,53
0.7874454259872437,0,D66,B81,44,54
0.7311578392982483,0,D66,C81,44,55
0.8546085059642792,0,D66,D81,44,56
0.7889325320720673,0,D66,B82,44,57
0.8968898952007294,0,D66,C82,44,58
0.8014172613620758,0,D66,D82,44,59
0.9585001356899738,0,D66,B85,44,60
0.9636118449270725,0,D66,C85,44,61
0.9298503398895264,0,D66,D85,44,62
0.9188760295510292,0,D66,B89,44,63
0.8689131587743759,0,D66,C89,44,64
0.9089075550436974,0,D66,D89,44,65
0.9444878026843071,0,D66,B90,44,66
0.9237749874591827,0,D66,C90,44,67
0.9334802627563477,0,D66,D90,44,68
0.8525654375553131,0,D66,B93,44,69
0.8236045837402344,0,D66,C93,44,70
0.8778735846281052,0,D66,D93,44,71
0.8663399517536163,0,D66,B95,44,72
0.8188124150037766,0,D66,C95,44,73
0.8007663041353226,0,D66,D95,44,74
0.18388360738754272,0,B70,C70,45,46
0.30750036239624023,0,B70,D70,45,47
0.9093931019306183,0,B70,B72,45,48
0.87730722874403,0,B70,C72,45,49
0.7721838355064392,0,B70,D72,45,50
0.7148481607437134,0,B70,B79,45,51
0.6995392143726349,0,B70,C79,45,52
0.6310495138168335,0,B70,D79,45,53
0.8820598721504211,0,B70,B81,45,54
0.9222635850310326,0,B70,C81,45,55
0.9459465891122818,0,B70,D81,45,56
0.8800927847623825,0,B70,B82,45,57
0.9258365109562874,0,B70,C82,45,58
0.9032732993364334,0,B70,D82,45,59
0.9304976463317871,0,B70,B85,45,60
0.9285577982664108,0,B70,C85,45,61
0.8972417935729027,0,B70,D85,45,62
0.9087628126144409,0,B70,B89,45,63
0.9333951249718666,0,B70,C89,45,64
0.9181782603263855,0,B70,D89,45,65
0.8331461548805237,0,B70,B90,45,66
0.8881290405988693,0,B70,C90,45,67
0.8483612090349197,0,B70,D90,45,68
0.9179788529872894,0,B70,B93,45,69
0.9616615250706673,0,B70,C93,45,70
0.9401325695216656,0,B70,D93,45,71
0.9752420745790005,0,B70,B95,45,72
0.9894138034433126,0,B70,C95,45,73
0.9805366471409798,0,B70,D95,45,74
0.3591466546058655,0,C70,D70,46,47
0.9332157075405121,0,C70,B72,46,48
0.8926097974181175,0,C70,C72,46,49
0.8510778546333313,0,C70,D72,46,50
0.6961439847946167,0,C70,B79,46,51
0.6978566646575928,0,C70,C79,46,52
0.669317215681076,0,C70,D79,46,53
0.8759093061089516,0,C70,B81,46,54
0.988517208956182,0,C70,C81,46,55
0.9623515568673611,0,C70,D81,46,56
0.9083642959594727,0,C70,B82,46,57
0.9014699384570122,0,C70,C82,46,58
0.9635423272848129,0,C70,D82,46,59
0.9490386694669724,0,C70,B85,46,60
0.9665909372270107,0,C70,C85,46,61
0.9362982958555222,0,C70,D85,46,62
0.9001227840781212,0,C70,B89,46,63
0.9346006363630295,0,C70,C89,46,64
0.9834182299673557,0,C70,D89,46,65
0.8579616397619247,0,C70,B90,46,66
0.897874116897583,0,C70,C90,46,67
0.8654980659484863,0,C70,D90,46,68
0.9667636379599571,0,C70,B93,46,69
1.038864016532898,0,C70,C93,46,70
1.0225239247083664,0,C70,D93,46,71
0.913502037525177,0,C70,B95,46,72
0.9960333011113107,0,C70,C95,46,73
0.9491335116326809,0,C70,D95,46,74
0.926094613969326,0,D70,B72,47,48
0.9155029654502869,0,D70,C72,47,49
0.7637844830751419,0,D70,D72,47,50
0.7661988437175751,0,D70,B79,47,51
0.6670118272304535,0,D70,C79,47,52
0.6880216896533966,0,D70,D79,47,53
0.8603217303752899,0,D70,B81,47,54
0.8935811892151833,0,D70,C81,47,55
0.9337565451860428,0,D70,D81,47,56
0.8948305249214172,0,D70,B82,47,57
0.948847658932209,0,D70,C82,47,58
0.9237982258200645,0,D70,D82,47,59
0.8477430641651154,0,D70,B85,47,60
0.8764176145195961,0,D70,C85,47,61
0.9530573710799217,0,D70,D85,47,62
0.8869756534695625,0,D70,B89,47,63
0.925041139125824,0,D70,C89,47,64
0.8736146241426468,0,D70,D89,47,65
0.8731224685907364,0,D70,B90,47,66
0.8982252851128578,0,D70,C90,47,67
0.9085116758942604,0,D70,D90,47,68
0.91773521900177,0,D70,B93,47,69
0.903282605111599,0,D70,C93,47,70
0.9653754755854607,0,D70,D93,47,71
0.9548791646957397,0,D70,B95,47,72
1.0109790600836277,0,D70,C95,47,73
0.9885322563350201,0,D70,D95,47,74
0.1662803292274475,0,B72,C72,48,49
0.37326425313949585,0,B72,D72,48,50
0.9060794040560722,0,B72,B79,48,51
0.8554611504077911,0,B72,C79,48,52
0.9998830987606198,0,B72,D79,48,53
0.9039174541831017,0,B72,B81,48,54
0.6853044629096985,0,B72,C81,48,55
0.8667648881673813,0,B72,D81,48,56
0.7275668084621429,0,B72,B82,48,57
0.7510665655136108,0,B72,C82,48,58
0.8155756294727325,0,B72,D82,48,59
0.8836221098899841,0,B72,B85,48,60
0.8964478820562363,0,B72,C85,48,61
0.8627012372016907,0,B72,D85,48,62
0.9202350378036499,0,B72,B89,48,63
0.8383811712265015,0,B72,C89,48,64
0.9399608597159386,0,B72,D89,48,65
0.8505715429782867,0,B72,B90,48,66
0.7970061600208282,0,B72,C90,48,67
0.8412658721208572,0,B72,D90,48,68
0.8195153325796127,0,B72,B93,48,69
0.7902863323688507,0,B72,C93,48,70
0.9202275574207306,0,B72,D93,48,71
0.8596072942018509,0,B72,B95,48,72
0.8177115619182587,0,B72,C95,48,73
0.8430483341217041,0,B72,D95,48,74
0.33279675245285034,0,C72,D72,49,50
0.9144866541028023,0,C72,B79,49,51
0.8476158678531647,0,C72,C79,49,52
0.919707179069519,0,C72,D79,49,53
0.9206369742751122,0,C72,B81,49,54
0.7077893018722534,0,C72,C81,49,55
0.8838421553373337,0,C72,D81,49,56
0.7546010613441467,0,C72,B82,49,57
0.7696184664964676,0,C72,C82,49,58
0.8294738829135895,0,C72,D82,49,59
0.8354669660329819,0,C72,B85,49,60
0.8329261094331741,0,C72,C85,49,61
0.7542372494935989,0,C72,D85,49,62
0.9287321642041206,0,C72,B89,49,63
0.8669117093086243,0,C72,C89,49,64
0.8996542245149612,0,C72,D89,49,65
0.9085444882512093,0,C72,B90,49,66
0.8874678313732147,0,C72,C90,49,67
0.9149651750922203,0,C72,D90,49,68
0.7855830639600754,0,C72,B93,49,69
0.8128243088722229,0,C72,C93,49,70
0.8357345759868622,0,C72,D93,49,71
0.8623505234718323,0,C72,B95,49,72
0.8162770569324493,0,C72,C95,49,73
0.8840546309947968,0,C72,D95,49,74
0.8357418328523636,0,D72,B79,50,51
0.78110171854496,0,D72,C79,50,52
0.7968032211065292,0,D72,D79,50,53
0.9168923869729042,0,D72,B81,50,54
0.7596500366926193,0,D72,C81,50,55
0.8698586672544479,0,D72,D81,50,56
0.7670721858739853,0,D72,B82,50,57
0.865541860461235,0,D72,C82,50,58
0.8691381067037582,0,D72,D82,50,59
0.9375412687659264,0,D72,B85,50,60
0.9210430979728699,0,D72,C85,50,61
0.8690337538719177,0,D72,D85,50,62
1.0178383812308311,0,D72,B89,50,63
0.9154843240976334,0,D72,C89,50,64
0.9195347875356674,0,D72,D89,50,65
0.8551187515258789,0,D72,B90,50,66
0.932939887046814,0,D72,C90,50,67
0.9523809924721718,0,D72,D90,50,68
0.8364550620317459,0,D72,B93,50,69
0.7787023633718491,0,D72,C93,50,70
0.8728215098381042,0,D72,D93,50,71
0.9167258143424988,0,D72,B95,50,72
0.8831699639558792,0,D72,C95,50,73
0.9306711554527283,0,D72,D95,50,74
0.2187308669090271,0,B79,C79,51,52
0.39386045932769775,0,B79,D79,51,53
0.6374706923961639,0,B79,B81,51,54
0.7015491724014282,0,B79,C81,51,55
0.7438739836215973,0,B79,D81,51,56
0.7850301116704941,0,B79,B82,51,57
0.7792109698057175,0,B79,C82,51,58
0.7594040185213089,0,B79,D82,51,59
0.9925803611986339,0,B79,B85,51,60
1.0054608820937574,0,B79,C85,51,61
1.0113742360845208,0,B79,D85,51,62
0.8320473730564117,0,B79,B89,51,63
0.8629836440086365,0,B79,C89,51,64
0.9508647210896015,0,B79,D89,51,65
0.9201829135417938,0,B79,B90,51,66
0.9085998609662056,0,B79,C90,51,67
0.8536117523908615,0,B79,D90,51,68
0.977747518569231,0,B79,B93,51,69
1.0275563392788172,0,B79,C93,51,70
1.0631644129753113,0,B79,D93,51,71
1.0179771780967712,0,B79,B95,51,72
0.9702505264431238,0,B79,C95,51,73
0.9794133342802525,0,B79,D95,51,74
0.4334644079208374,0,C79,D79,52,53
0.6650863587856293,0,C79,B81,52,54
0.7283240556716919,0,C79,C81,52,55
0.8082759082317352,0,C79,D81,52,56
0.7393119931221008,0,C79,B82,52,57
0.8035914897918701,0,C79,C82,52,58
0.743137389421463,0,C79,D82,52,59
0.8787688538432121,0,C79,B85,52,60
0.8935928121209145,0,C79,C85,52,61
0.9358028620481491,0,C79,D85,52,62
0.8622461408376694,0,C79,B89,52,63
0.847836822271347,0,C79,C89,52,64
0.8802954703569412,0,C79,D89,52,65
0.9235012829303741,0,C79,B90,52,66
0.9066770151257515,0,C79,C90,52,67
0.9170476421713829,0,C79,D90,52,68
0.9186032935976982,0,C79,B93,52,69
0.9122414141893387,0,C79,C93,52,70
1.0298771895468235,0,C79,D93,52,71
1.0248240195214748,0,C79,B95,52,72
0.9641027301549911,0,C79,C95,52,73
1.0423591174185276,0,C79,D95,52,74
0.657191663980484,0,D79,B81,53,54
0.7004117071628571,0,D79,C81,53,55
0.7868833541870117,0,D79,D81,53,56
0.7767579406499863,0,D79,B82,53,57
0.8355288207530975,0,D79,C82,53,58
0.7648663073778152,0,D79,D82,53,59
1.0031088215764612,0,D79,B85,53,60
0.9529892206192017,0,D79,C85,53,61
0.9667542837560177,0,D79,D85,53,62
0.8706104904413223,0,D79,B89,53,63
0.9105360582470894,0,D79,C89,53,64
0.9035702273249626,0,D79,D89,53,65
0.8129783570766449,0,D79,B90,53,66
0.8823850452899933,0,D79,C90,53,67
0.8616116493940353,0,D79,D90,53,68
0.9404930844902992,0,D79,B93,53,69
0.8890322744846344,0,D79,C93,53,70
1.0211687292903662,0,D79,D93,53,71
0.8958925232291222,0,D79,B95,53,72
0.8747405260801315,0,D79,C95,53,73
0.947753768414259,0,D79,D95,53,74
0.24847882986068726,0,B81,C81,54,55
0.38633590936660767,0,B81,D81,54,56
0.7755461037158966,0,B81,B82,54,57
0.7888852804899216,0,B81,C82,54,58
0.8746987730264664,0,B81,D82,54,59
0.9526778981089592,0,B81,B85,54,60
0.9395237863063812,0,B81,C85,54,61
0.9300003126263618,0,B81,D85,54,62
0.8963500112295151,0,B81,B89,54,63
0.7811761349439621,0,B81,C89,54,64
0.9323895797133446,0,B81,D89,54,65
0.8524026274681091,0,B81,B90,54,66
0.7653009444475174,0,B81,C90,54,67
0.8700713366270065,0,B81,D90,54,68
0.8605940341949463,0,B81,B93,54,69
0.8722249269485474,0,B81,C93,54,70
0.9091832861304283,0,B81,D93,54,71
0.8945780918002129,0,B81,B95,54,72
0.895349845290184,0,B81,C95,54,73
0.9170815274119377,0,B81,D95,54,74
0.387192964553833,0,C81,D81,55,56
0.7384128570556641,0,C81,B82,55,57
0.7354995906352997,0,C81,C82,55,58
0.8334347307682037,0,C81,D82,55,59
0.8992642387747765,0,C81,B85,55,60
0.8659221082925797,0,C81,C85,55,61
0.8506607562303543,0,C81,D85,55,62
0.752405434846878,0,C81,B89,55,63
0.7312807738780975,0,C81,C89,55,64
0.8443497270345688,0,C81,D89,55,65
0.8028679639101028,0,C81,B90,55,66
0.7645068615674973,0,C81,C90,55,67
0.8458732664585114,0,C81,D90,55,68
0.7615557163953781,0,C81,B93,55,69
0.7700220048427582,0,C81,C93,55,70
0.8943735137581825,0,C81,D93,55,71
0.9309883639216423,0,C81,B95,55,72
0.886286050081253,0,C81,C95,55,73
0.9090026393532753,0,C81,D95,55,74
0.9740533921867609,0,D81,B82,56,57
1.0001830832916312,0,D81,C82,56,58
0.9964332191739231,0,D81,D82,56,59
0.9482419565320015,0,D81,B85,56,60
0.9591356068849564,0,D81,C85,56,61
0.9020224809646606,0,D81,D85,56,62
1.0401794351637363,0,D81,B89,56,63
0.9652569890022278,0,D81,C89,56,64
1.1038703322410583,0,D81,D89,56,65
0.7227336168289185,0,D81,B90,56,66
0.6528030335903168,0,D81,C90,56,67
0.8018843680620193,0,D81,D90,56,68
0.9784006718546152,0,D81,B93,56,69
0.9967774536926299,0,D81,C93,56,70
0.9074222594499588,0,D81,D93,56,71
0.9863287480548024,0,D81,B95,56,72
1.0065365773625672,0,D81,C95,56,73
0.908768855035305,0,D81,D95,56,74
0.2419714331626892,0,B82,C82,57,58
0.37500929832458496,0,B82,D82,57,59
0.9114402309060097,0,B82,B85,57,60
0.9293303415179253,0,B82,C85,57,61
0.8921305388212204,0,B82,D85,57,62
0.6446768641471863,0,B82,B89,57,63
0.5609840154647827,0,B82,C89,57,64
0.7117973566055298,0,B82,D89,57,65
0.7860126197338104,0,B82,B90,57,66
0.8073228597640991,0,B82,C90,57,67
0.8190719187259674,0,B82,D90,57,68
0.8583229929208755,0,B82,B93,57,69
0.717422753572464,0,B82,C93,57,70
1.049039725214243,0,B82,D93,57,71
0.8968376740813255,0,B82,B95,57,72
0.8438216298818588,0,B82,C95,57,73
0.9416796863079071,0,B82,D95,57,74
0.4003235697746277,0,C82,D82,58,59
0.9147582650184631,0,C82,B85,58,60
0.8961682394146919,0,C82,C85,58,61
0.9313891306519508,0,C82,D85,58,62
0.6202154159545898,0,C82,B89,58,63
0.5419485867023468,0,C82,C89,58,64
0.7137973308563232,0,C82,D89,58,65
0.8194034695625305,0,C82,B90,58,66
0.852219894528389,0,C82,C90,58,67
0.7800919860601425,0,C82,D90,58,68
0.9112634733319283,0,C82,B93,58,69
0.788577601313591,0,C82,C93,58,70
1.049764946103096,0,C82,D93,58,71
0.9903191616758704,0,C82,B95,58,72
0.9604837149381638,0,C82,C95,58,73
0.9582962803542614,0,C82,D95,58,74
0.9009178280830383,0,D82,B85,59,60
0.8898827359080315,0,D82,C85,59,61
0.8911443948745728,0,D82,D85,59,62
0.7018758356571198,0,D82,B89,59,63
0.6445402503013611,0,D82,C89,59,64
0.7222186923027039,0,D82,D89,59,65
0.9698411878198385,0,D82,B90,59,66
0.9554718434810638,0,D82,C90,59,67
0.9338725134730339,0,D82,D90,59,68
0.8998956605792046,0,D82,B93,59,69
0.8372681736946106,0,D82,C93,59,70
1.0541915781795979,0,D82,D93,59,71
1.013343152590096,0,D82,B95,59,72
0.9824084211140871,0,D82,C95,59,73
1.0450466684997082,0,D82,D95,59,74
0.2009948492050171,0,B85,C85,60,61
0.30142533779144287,0,B85,D85,60,62
1.0387762002646923,0,B85,B89,60,63
1.0036736109759659,0,B85,C89,60,64
1.0121830543503165,0,B85,D89,60,65
1.035131711512804,0,B85,B90,60,66
1.0059289769269526,0,B85,C90,60,67
1.0343081504106522,0,B85,D90,60,68
0.8846680521965027,0,B85,B93,60,69
0.9421715326607227,0,B85,C93,60,70
0.9042399004101753,0,B85,D93,60,71
1.0017057587392628,0,B85,B95,60,72
1.0257019456475973,0,B85,C95,60,73
1.0608791150152683,0,B85,D95,60,74
0.3509982228279114,0,C85,D85,61,62
0.973091771826148,0,C85,B89,61,63
0.939245518296957,0,C85,C89,61,64
0.9452929086983204,0,C85,D89,61,65
0.9531525075435638,0,C85,B90,61,66
0.9253462925553322,0,C85,C90,61,67
1.0292937830090523,0,C85,D90,61,68
0.871466726064682,0,C85,B93,61,69
0.8792472779750824,0,C85,C93,61,70
0.9308339431881905,0,C85,D93,61,71
0.9600551277399063,0,C85,B95,61,72
0.9822822101414204,0,C85,C95,61,73
0.9824187643826008,0,C85,D95,61,74
0.963609091937542,0,D85,B89,62,63
0.9319360330700874,0,D85,C89,62,64
0.9257688745856285,0,D85,D89,62,65
0.9831303246319294,0,D85,B90,62,66
0.9733725190162659,0,D85,C90,62,67
1.0665367469191551,0,D85,D90,62,68
0.7828185856342316,0,D85,B93,62,69
0.8441404551267624,0,D85,C93,62,70
0.847273200750351,0,D85,D93,62,71
0.9478647448122501,0,D85,B95,62,72
0.9568652361631393,0,D85,C95,62,73
1.0516037680208683,0,D85,D95,62,74
0.20481407642364502,0,B89,C89,63,64
0.3373972177505493,0,B89,D89,63,65
0.9190500006079674,0,B89,B90,63,66
0.9069248214364052,0,B89,C90,63,67
0.9094010442495346,0,B89,D90,63,68
0.7343497574329376,0,B89,B93,63,69
0.6554288566112518,0,B89,C93,63,70
0.9817961826920509,0,B89,D93,63,71
0.977465508505702,0,B89,B95,63,72
0.9639408811926842,0,B89,C95,63,73
0.9294095486402512,0,B89,D95,63,74
0.32859504222869873,0,C89,D89,64,65
0.8040181398391724,0,C89,B90,64,66
0.7796819359064102,0,C89,C90,64,67
0.8977300897240639,0,C89,D90,64,68
0.6876080632209778,0,C89,B93,64,69
0.5904091000556946,0,C89,C93,64,70
0.9040058851242065,0,C89,D93,64,71
0.9495411477982998,0,C89,B95,64,72
0.9469366744160652,0,C89,C95,64,73
0.8979574218392372,0,C89,D95,64,74
0.976279366761446,0,D89,B90,65,66
1.0011857338249683,0,D89,C90,65,67
1.032402642071247,0,D89,D90,65,68
0.6856603026390076,0,D89,B93,65,69
0.5690839290618896,0,D89,C93,65,70
0.8369985967874527,0,D89,D93,65,71
0.9879232328385115,0,D89,B95,65,72
0.9263921454548836,0,D89,C95,65,73
0.9871855732053518,0,D89,D95,65,74
0.22791969776153564,0,B90,C90,66,67
0.3350175619125366,0,B90,D90,66,68
1.0595540031790733,0,B90,B93,66,69
0.9719539675861597,0,B90,C93,66,70
1.0742874592542648,0,B90,D93,66,71
0.9157343953847885,0,B90,B95,66,72
0.8753691017627716,0,B90,C95,66,73
0.7621331959962845,0,B90,D95,66,74
0.3260079622268677,0,C90,D90,67,68
1.0719152837991714,0,C90,B93,67,69
0.9872146435081959,0,C90,C93,67,70
1.0466683395206928,0,C90,D93,67,71
0.9053951501846313,0,C90,B95,67,72
0.9198672473430634,0,C90,C95,67,73
0.7636710107326508,0,C90,D95,67,74
1.1155211105942726,0,D90,B93,68,69
1.1051413267850876,0,D90,C93,68,70
1.1028170958161354,0,D90,D93,68,71
0.9573901854455471,0,D90,B95,68,72
0.9342811182141304,0,D90,C95,68,73
0.8388440608978271,0,D90,D95,68,74
0.21659767627716064,0,B93,C93,69,70
0.32895755767822266,0,B93,D93,69,71
0.8847199901938438,0,B93,B95,69,72
0.8374078124761581,0,B93,C95,69,73
0.9895601281896234,0,B93,D95,69,74
0.43021440505981445,0,C93,D93,70,71
0.8468611836433411,0,C93,B95,70,72
0.8296084553003311,0,C93,C95,70,73
0.9276980757713318,0,C93,D95,70,74
0.928930826485157,0,D93,B95,71,72
0.8804287910461426,0,D93,C95,71,73
1.008444090373814,0,D93,D95,71,74
0.1521936058998108,0,B95,C95,72,73
0.29095393419265747,0,B95,D95,72,74
0.37340253591537476,0,C95,D95,73,74
